{"ppb_form_data_order":["1433405297942,1433405422784,1433405452664,1433405538783,1433405585315"],"1433405297942_data":["{\"id\":\"1433405297942\",\"shortcode\":\"ppb_menu_classic\",\"ppb_menu_classic_title\":\"Menus%20Of%20The%20Day\",\"ppb_menu_classic_slug\":\"\",\"ppb_menu_classic_width\":\"100%25\",\"ppb_menu_classic_menu_image\":\"\",\"ppb_menu_classic_columns\":\"2\",\"ppb_menu_classic_cat\":\"\",\"ppb_menu_classic_items\":\"8\",\"ppb_menu_classic_padding\":\"50\",\"ppb_menu_classic_custom_css\":\"\",\"ppb_menu_classic_content\":\"\"}"],"1433405297942_size":["one"],"1433405422784_data":["{\"id\":\"1433405422784\",\"shortcode\":\"ppb_image_parallax\",\"ppb_image_parallax_title\":\"Chief%20Recommended\",\"ppb_image_parallax_slug\":\"\",\"ppb_image_parallax_image\":\"http:\/\/themes.themegoods2.com\/grandrestaurant\/wp-content\/uploads\/2015\/05\/223_1r140806_eat_spots_sobanndls.jpg\",\"ppb_image_parallax_height\":\"60\",\"ppb_image_parallax_display_title\":\"1\",\"ppb_image_parallax_custom_css\":\"\"}"],"1433405422784_size":["one"],"1433405452664_data":["{\"id\":\"1433405452664\",\"shortcode\":\"ppb_menu_grid\",\"ppb_menu_grid_title\":\"Food%20Menu%20Grid\",\"ppb_menu_grid_slug\":\"\",\"ppb_menu_grid_cat\":\"with-picture\",\"ppb_menu_grid_items\":\"8\",\"ppb_menu_grid_padding\":\"0\",\"ppb_menu_grid_custom_css\":\"\"}"],"1433405452664_size":["one"],"1433405538783_data":["{\"id\":\"1433405538783\",\"shortcode\":\"ppb_image_parallax\",\"ppb_image_parallax_title\":\"Wine%20Selection\",\"ppb_image_parallax_slug\":\"\",\"ppb_image_parallax_image\":\"http:\/\/themes.themegoods2.com\/grandrestaurant\/wp-content\/uploads\/2015\/06\/139_1r120711_chimag_drinks_0722_lb.jpg\",\"ppb_image_parallax_height\":\"60\",\"ppb_image_parallax_display_title\":\"1\",\"ppb_image_parallax_custom_css\":\"\"}"],"1433405538783_size":["one"],"1433405585315_data":["{\"id\":\"1433405585315\",\"shortcode\":\"ppb_menu_classic\",\"ppb_menu_classic_title\":\"Alcoholic%20Beverages\",\"ppb_menu_classic_slug\":\"\",\"ppb_menu_classic_width\":\"100%25\",\"ppb_menu_classic_menu_image\":\"\",\"ppb_menu_classic_columns\":\"3\",\"ppb_menu_classic_cat\":\"\",\"ppb_menu_classic_items\":\"9\",\"ppb_menu_classic_padding\":\"50\",\"ppb_menu_classic_custom_css\":\"\",\"ppb_menu_classic_content\":\"\"}"],"1433405585315_size":["one"]}