{"ppb_form_data_order":["1434085756548,1434089515386,1434089577846,1434089633885,1434090291510,1434090555343,1434090734301,1434090782183,1434090864727,1434091435973,1434091414824,1434091142103,1434091216739,1434091364366"],"1434085756548_data":["{\"id\":\"1434085756548\",\"shortcode\":\"ppb_revslider\",\"ppb_revslider_title\":\"Cover\",\"ppb_revslider_slug\":\"welcome\",\"ppb_revslider_slider_id\":\"asian-home-slider\",\"ppb_revslider_display\":\"normal\"}"],"1434085756548_size":["one"],"1434089515386_data":["{\"id\":\"1434089515386\",\"shortcode\":\"ppb_text\",\"ppb_text_title\":\"Tagline\",\"ppb_text_slug\":\"about\",\"ppb_text_width\":\"60%25\",\"ppb_text_padding\":\"50\",\"ppb_text_bgcolor\":\"\",\"ppb_text_fontcolor\":\"\",\"ppb_text_custom_css\":\"text-align:center;padding-bottom:0%20!important;\",\"ppb_text_content\":\"%3Cdiv%20style=%22font-size:30px;text-transform:uppercase;letter-spacing:-1px;font-weight:300;%22%3EUntil%20I%20discovered%20cooking%20I%20was%20never%20really%20interested%20in%20anything%3C\/div%3E%0A%3Cdiv%20class=%22post_detail%22%3EOur%20Founder%20John%20Phillipe%3C\/div%3E%0A%3Cspan%20style=%22font-family:Kristi;font-size:40px;font-weight:600;%22%3EJohn%20Phillipe%3C\/span%3E\"}"],"1434089515386_size":["one"],"1434089577846_data":["{\"id\":\"1434089577846\",\"shortcode\":\"ppb_card_two_cols_with_image\",\"ppb_card_two_cols_with_image_title\":\"Disacover%20Our%20Story\",\"ppb_card_two_cols_with_image_slug\":\"\",\"ppb_card_two_cols_with_image_subtitle\":\"Ultimate%20dining%20experience%20like%20no%20other\",\"ppb_card_two_cols_with_image_image\":\"http:\/\/themes.themegoods2.com\/grandrestaurant2\/wp-content\/uploads\/2015\/04\/Orleans-Somerville-2.jpeg\",\"ppb_card_two_cols_with_image_image_width\":\"65\",\"ppb_card_two_cols_with_image_align\":\"left\",\"ppb_card_two_cols_with_image_content_width\":\"40\",\"ppb_card_two_cols_with_image_padding\":\"40\",\"ppb_card_two_cols_with_image_bgcolor\":\"#ffffff\",\"ppb_card_two_cols_with_image_fontcolor\":\"\",\"ppb_card_two_cols_with_image_custom_css\":\"padding:%2050px%200%2070px%200%20!important;\",\"ppb_card_two_cols_with_image_content\":\"Sed%20ut%20perspiciatis%20unde%20omnis%20iste%20natus%20error%20sit%20voluptatem%20accusantium%20doloremque%20laudantium,%20totam%20rem%20aperiam,%20eaque%20ipsa%20quae%20ab%20illo%20inventore%20veritatis%20et%20quasi.%20Exercitation%20photo%20booth%20stumptown%20tote%20bag%20Banksy,%20elit%20small%20batch%20freegan%20sed.%20Craft%20beer%20elit%20seitan%20exercitation,%20photo%20booth%20et%208-bit%20kale%20chips%20proident%20chillwave%20deep%20v%20laborum.%20Aliquip%20veniam%20delectus,%20Marfa%20eiusmod%20Pinterest%20in%20do%20umami%20readymade.\"}"],"1434089577846_size":["one"],"1434089633885_data":["{\"id\":\"1434089633885\",\"shortcode\":\"ppb_card_cols_with_image\",\"ppb_card_cols_with_image_title\":\"Chief%20Menu\",\"ppb_card_cols_with_image_slug\":\"\",\"ppb_card_cols_with_image_subtitle\":\"Checkout%20Our%20Signature%20Menus\",\"ppb_card_cols_with_image_image\":\"http:\/\/themes.themegoods2.com\/grandrestaurant2\/wp-content\/uploads\/2015\/04\/100_1040312_mercer_knives_0391_fweb.jpg\",\"ppb_card_cols_with_image_height\":\"600\",\"ppb_card_cols_with_image_content_width\":\"40\",\"ppb_card_cols_with_image_content_align\":\"left\",\"ppb_card_cols_with_image_padding\":\"40\",\"ppb_card_cols_with_image_bgcolor\":\"#cb1411\",\"ppb_card_cols_with_image_fontcolor\":\"#ffffff\",\"ppb_card_cols_with_image_custom_css\":\"padding:%2070px%200%2050px%200%20!important;\",\"ppb_card_cols_with_image_content\":\"Donec%20elit%20libero,%20sodales%20nec,%20volutpat%20a,%20suscipit%20non,%20turpis.%20Nullam%20sagittis.%20Suspendisse%20pulvinar,%20augue%20ac%20venenatis%20condimentum,%20sem%20libero%20volutpat%20nibh,%20nec%20pellentesque%20velit%20pede%20quis%20nunc.%20Vestibulia%20Curae;%20Fusce%20id%20purus.%20Ut%20varius%20tincidunt%20libero.%20Phasellus%20dolor.%20Maecenas%20vestibulum%20mollis%0A%0ALorem%20ipsum%20dolor%20sit%20amet,%20consectetuer%20adipiscing%20elit.%20Aenean%20commodo%20ligula%20eget%20dolor.%20Aenean%20massa.%20Cum%20sociis%20natoque%20penatibus%20et%20magnis%20dis%20parturient%20montes,%20nascetur%20ridiculus%20mus.%20Donec%20quam%20felis.\"}"],"1434089633885_size":["one"],"1434090291510_data":["{\"id\":\"1434090291510\",\"shortcode\":\"ppb_menu_classic\",\"ppb_menu_classic_title\":\"Signature\",\"ppb_menu_classic_slug\":\"menu\",\"ppb_menu_classic_width\":\"60%25\",\"ppb_menu_classic_menu_image\":\"yes\",\"ppb_menu_classic_columns\":\"1\",\"ppb_menu_classic_cat\":\"menu-of-the-day\",\"ppb_menu_classic_items\":\"3\",\"ppb_menu_classic_padding\":\"30\",\"ppb_menu_classic_custom_css\":\"padding-top:%200%20!important;\",\"ppb_menu_classic_content\":\"\"}"],"1434090291510_size":["one"],"1434090555343_data":["{\"id\":\"1434090555343\",\"shortcode\":\"ppb_menu_classic\",\"ppb_menu_classic_title\":\"Lunch%20Sets\",\"ppb_menu_classic_slug\":\"\",\"ppb_menu_classic_width\":\"100%25\",\"ppb_menu_classic_menu_image\":\"\",\"ppb_menu_classic_columns\":\"2\",\"ppb_menu_classic_cat\":\"\",\"ppb_menu_classic_items\":\"8\",\"ppb_menu_classic_padding\":\"50\",\"ppb_menu_classic_custom_css\":\"padding-top:%200%20!important;\",\"ppb_menu_classic_content\":\"\"}"],"1434090555343_size":["one"],"1434090734301_data":["{\"id\":\"1434090734301\",\"shortcode\":\"ppb_menu_classic\",\"ppb_menu_classic_title\":\"Beverages\",\"ppb_menu_classic_slug\":\"\",\"ppb_menu_classic_width\":\"100%25\",\"ppb_menu_classic_menu_image\":\"\",\"ppb_menu_classic_columns\":\"3\",\"ppb_menu_classic_cat\":\"\",\"ppb_menu_classic_items\":\"12\",\"ppb_menu_classic_padding\":\"50\",\"ppb_menu_classic_custom_css\":\"padding-top:%200%20!important;\",\"ppb_menu_classic_content\":\"\"}"],"1434090734301_size":["one"],"1434090782183_data":["{\"id\":\"1434090782183\",\"shortcode\":\"ppb_image_parallax\",\"ppb_image_parallax_title\":\"Image%20Gallery\",\"ppb_image_parallax_slug\":\"gallery\",\"ppb_image_parallax_image\":\"http:\/\/themes.themegoods2.com\/grandrestaurant2\/wp-content\/uploads\/2015\/04\/Kimchi-Ramen-35-1024x682.jpg\",\"ppb_image_parallax_height\":\"60\",\"ppb_image_parallax_display_title\":\"1\",\"ppb_image_parallax_custom_css\":\"\"}"],"1434090782183_size":["one"],"1434090864727_data":["{\"id\":\"1434090864727\",\"shortcode\":\"ppb_gallery_grid\",\"ppb_gallery_grid_title\":\"Gallery%20Grid\",\"ppb_gallery_grid_slug\":\"\",\"ppb_gallery_grid_gallery_id\":\"3238\",\"ppb_gallery_grid_margin\":\"\"}"],"1434090864727_size":["one"],"1434091435973_data":["{\"id\":\"1434091435973\",\"shortcode\":\"ppb_header\",\"ppb_header_title\":\"Latest%20News\",\"ppb_header_slug\":\"news\",\"ppb_header_subtitle\":\"\",\"ppb_header_width\":\"100%25\",\"ppb_header_textalign\":\"center\",\"ppb_header_padding\":\"50\",\"ppb_header_bgcolor\":\"\",\"ppb_header_fontcolor\":\"\",\"ppb_header_custom_css\":\"padding-bottom:%200%20!important;\",\"ppb_header_content\":\"\"}"],"1434091435973_size":["one"],"1434091414824_data":["{\"id\":\"1434091414824\",\"shortcode\":\"ppb_blog_grid\",\"ppb_blog_grid_title\":\"News\",\"ppb_blog_grid_slug\":\"\",\"ppb_blog_grid_cat\":\"\",\"ppb_blog_grid_items\":\"3\",\"ppb_blog_grid_padding\":\"50\",\"ppb_blog_grid_link_title\":\"\",\"ppb_blog_grid_link_url\":\"\",\"ppb_blog_grid_custom_css\":\"padding-top:%2010px%20!important;\"}"],"1434091414824_size":["one"],"1434091142103_data":["{\"id\":\"1434091142103\",\"shortcode\":\"ppb_map_content\",\"ppb_map_content_title\":\"Branch%20Center\",\"ppb_map_content_slug\":\"findus\",\"ppb_map_content_subtitle\":\"\",\"ppb_map_content_type\":\"ROADMAP\",\"ppb_map_content_map_width\":\"65\",\"ppb_map_content_map_height\":\"500\",\"ppb_map_content_lat\":\"51.508823\",\"ppb_map_content_long\":\"-0.127802\",\"ppb_map_content_zoom\":\"16\",\"ppb_map_content_popup\":\"\",\"ppb_map_content_marker\":\"http:\/\/themes.themegoods2.com\/grandrestaurant2\/wp-content\/uploads\/2015\/06\/marker.png\",\"ppb_map_content_align\":\"left\",\"ppb_map_content_content_width\":\"40\",\"ppb_map_content_padding\":\"40\",\"ppb_map_content_bgcolor\":\"#cb1411\",\"ppb_map_content_fontcolor\":\"#ffffff\",\"ppb_map_content_custom_css\":\"padding-top:%200px%20!important;\",\"ppb_map_content_content\":\"%3Cstrong%3EGRAND%20RESTAURANT%20PARAGON%3C\/strong%3E%3Cbr\/%3E%0A732\/21%20Second%20Street,%20Manchester%3Cbr\/%3EKing%20Street,%20Kingston%20United%20Kingdom%0A%0A1.800.456.6743\"}"],"1434091142103_size":["one"],"1434091216739_data":["{\"id\":\"1434091216739\",\"shortcode\":\"ppb_open_table\",\"ppb_open_table_title\":\"Reservation%20Form\",\"ppb_open_table_slug\":\"\",\"ppb_open_table_width\":\"100%25\",\"ppb_open_table_open_table_id\":\"100342\",\"ppb_open_table_padding\":\"30\",\"ppb_open_table_custom_css\":\"padding-top:%2010px%20!important;\",\"ppb_open_table_content\":\"Reservation%20Form%20Powered%20by%20OpenTable%3Cbr\/%3E1.800.456.6743%20%E2%80%93%20contact@grandrestaurant.com%3Cbr\/%3E%3Cbr\/%3E\"}"],"1434091216739_size":["one"],"1434091364366_data":["{\"id\":1434091364366,\"shortcode\":\"ppb_divider\",\"ppb_text_title\":\"Paragraph Break\",\"ppb_text_content\":\"\",\"ppb_header_content\":\"\"}"],"1434091364366_size":["one"]}