{"ppb_form_data_order":["1433848982576,1433849704420,1433849587194,1433849765722,1433849798663,1433849826529,1433849934945,1433849951291"],"1433848982576_data":["{\"id\":\"1433848982576\",\"shortcode\":\"ppb_revslider\",\"ppb_revslider_title\":\"Cover\",\"ppb_revslider_slug\":\"\",\"ppb_revslider_slider_id\":\"home2-slider\"}"],"1433848982576_size":["one"],"1433849704420_data":["{\"id\":\"1433849704420\",\"shortcode\":\"ppb_header\",\"ppb_header_title\":\"Know%20About%20Us\",\"ppb_header_slug\":\"\",\"ppb_header_subtitle\":\"\",\"ppb_header_width\":\"100%25\",\"ppb_header_textalign\":\"center\",\"ppb_header_padding\":\"50\",\"ppb_header_bgcolor\":\"\",\"ppb_header_fontcolor\":\"\",\"ppb_header_custom_css\":\"padding-bottom:0%20!important;\",\"ppb_header_content\":\"\"}"],"1433849704420_size":["one"],"1433849587194_data":["{\"id\":\"1433849587194\",\"shortcode\":\"ppb_text\",\"ppb_text_title\":\"About%20Restaurant\",\"ppb_text_slug\":\"\",\"ppb_text_width\":\"60%25\",\"ppb_text_padding\":\"50\",\"ppb_text_bgcolor\":\"\",\"ppb_text_fontcolor\":\"\",\"ppb_text_custom_css\":\"text-align:center;padding-top:%200%20!important;\",\"ppb_text_content\":\"Lorem%20ipsum%20dosectetur%20adipisicing%20elit,%20sed%20do.Lorem%20ipsum%20dolor%20sit%20amet,%20consectetur%20Nulla%20fringilla%20purus%20at%20leo%20dignissim%20congue.%20Mauris%20elementum%20accumsan%20leo%20vel%20tempor.%20Sit%20amet%20cursus%20nisl%20aliquam.%20Aliquam%20et%20elit%20eu%20nunc%20rhoncus%20viverra%20quis%20at%20felis.%20Sed%20do%0A%0A%3Cspan%20style=%22font-family:Kristi;font-size:40px;font-weight:600;%22%3EJohn%20Phillipe%3C\/span%3E\"}"],"1433849587194_size":["one"],"1433849765722_data":["{\"id\":\"1433849765722\",\"shortcode\":\"ppb_image_parallax\",\"ppb_image_parallax_title\":\"Our%20Menus\",\"ppb_image_parallax_slug\":\"\",\"ppb_image_parallax_image\":\"http:\/\/themes.themegoods2.com\/grandrestaurant\/wp-content\/uploads\/2015\/05\/italian-food-background.jpg\",\"ppb_image_parallax_height\":\"60\",\"ppb_image_parallax_display_title\":\"1\",\"ppb_image_parallax_custom_css\":\"\"}"],"1433849765722_size":["one"],"1433849798663_data":["{\"id\":\"1433849798663\",\"shortcode\":\"ppb_menu_grid_image\",\"ppb_menu_grid_image_title\":\"Menus%20Grid\",\"ppb_menu_grid_image_slug\":\"\",\"ppb_menu_grid_image_cat\":\"with-picture\",\"ppb_menu_grid_image_items\":\"8\",\"ppb_menu_grid_image_padding\":\"0\",\"ppb_menu_grid_image_custom_css\":\"\"}"],"1433849798663_size":["one"],"1433849826529_data":["{\"id\":\"1433849826529\",\"shortcode\":\"ppb_menu_classic\",\"ppb_menu_classic_title\":\"Main%20Course\",\"ppb_menu_classic_slug\":\"\",\"ppb_menu_classic_width\":\"100%25\",\"ppb_menu_classic_menu_image\":\"\",\"ppb_menu_classic_columns\":\"3\",\"ppb_menu_classic_cat\":\"\",\"ppb_menu_classic_items\":\"12\",\"ppb_menu_classic_padding\":\"50\",\"ppb_menu_classic_custom_css\":\"\",\"ppb_menu_classic_content\":\"\"}"],"1433849826529_size":["one"],"1433849934945_data":["{\"id\":\"1433849934945\",\"shortcode\":\"ppb_image_parallax\",\"ppb_image_parallax_title\":\"Online%20Reservation\",\"ppb_image_parallax_slug\":\"\",\"ppb_image_parallax_image\":\"http:\/\/themes.themegoods2.com\/grandrestaurant\/wp-content\/uploads\/2015\/06\/Mistral-Restaurant-Amy-Roth-Photo.jpg\",\"ppb_image_parallax_height\":\"60\",\"ppb_image_parallax_display_title\":\"1\",\"ppb_image_parallax_custom_css\":\"\"}"],"1433849934945_size":["one"],"1433849951291_data":["{\"id\":\"1433849951291\",\"shortcode\":\"ppb_open_table\",\"ppb_open_table_title\":\"Open%20Table%20Reservation\",\"ppb_open_table_slug\":\"\",\"ppb_open_table_width\":\"100%25\",\"ppb_open_table_open_table_id\":\"100342\",\"ppb_open_table_padding\":\"50\",\"ppb_open_table_custom_css\":\"padding-top:%2030px%20!important;\",\"ppb_open_table_content\":\"Reservation%20Form%20Powered%20by%20OpenTable%3Cbr\/%3E1.800.456.6743%20%E2%80%93%20contact@grandrestaurant.com%3Cbr\/%3E%3Cbr\/%3E\"}"],"1433849951291_size":["one"]}