{"ppb_form_data_order":["1433404659209,1433404392630,1433404734665,1433404735024,1433479924433,1433404789103,1433404789305,1433404738511,1433480008719,1433480008909,1433404818859"],"1433404659209_data":["{\"id\":\"1433404659209\",\"shortcode\":\"ppb_text\",\"ppb_text_title\":\"Tagline\",\"ppb_text_slug\":\"\",\"ppb_text_width\":\"60%25\",\"ppb_text_padding\":\"50\",\"ppb_text_bgcolor\":\"\",\"ppb_text_fontcolor\":\"\",\"ppb_text_custom_css\":\"text-align:center;padding-bottom:0%20!important;\",\"ppb_text_content\":\"%3Cdiv%20style=%22font-size:30px;text-transform:uppercase;letter-spacing:-1px;font-weight:300;%22%3EUntil%20I%20discovered%20cooking%20I%20was%20never%20really%20interested%20in%20anything%3C\/div%3E%0A%3Cdiv%20class=%22post_detail%22%3EOur%20Founder%20John%20Phillipe%3C\/div%3E%0A%3Cspan%20style=%22font-family:Kristi;font-size:40px;font-weight:600;%22%3EJohn%20Phillipe%3C\/span%3E\"}"],"1433404659209_size":["one"],"1433404392630_data":["{\"id\":\"1433404392630\",\"shortcode\":\"ppb_menu_with_image\",\"ppb_menu_with_image_title\":\"Mains\",\"ppb_menu_with_image_slug\":\"\",\"ppb_menu_with_image_subtitle\":\"\",\"ppb_menu_with_image_image\":\"http:\/\/themes.themegoods2.com\/grandrestaurant\/wp-content\/uploads\/2015\/05\/223_1r140806_eat_spots_sobanndls.jpg\",\"ppb_menu_with_image_image_width\":\"65\",\"ppb_menu_with_image_align\":\"right\",\"ppb_menu_with_image_cat\":\"mains\",\"ppb_menu_with_image_items\":\"4\",\"ppb_menu_with_image_content_width\":\"40\",\"ppb_menu_with_image_padding\":\"40\",\"ppb_menu_with_image_bgcolor\":\"\",\"ppb_menu_with_image_custom_css\":\"\"}"],"1433404392630_size":["one"],"1433404734665_data":["{\"id\":1433404734665,\"shortcode\":\"ppb_divider\",\"ppb_text_title\":\"Paragraph Break\",\"ppb_text_content\":\"\",\"ppb_header_content\":\"\"}"],"1433404734665_size":["one"],"1433404735024_data":["{\"id\":1433404735024,\"shortcode\":\"ppb_divider\",\"ppb_text_title\":\"Paragraph Break\",\"ppb_text_content\":\"\",\"ppb_header_content\":\"\"}"],"1433404735024_size":["one"],"1433479924433_data":["{\"id\":\"1433479924433\",\"shortcode\":\"ppb_menu_with_image_fullwidth\",\"ppb_menu_with_image_fullwidth_title\":\"Lunch\",\"ppb_menu_with_image_fullwidth_slug\":\"\",\"ppb_menu_with_image_fullwidth_subtitle\":\"\",\"ppb_menu_with_image_fullwidth_image\":\"http:\/\/themes.themegoods2.com\/grandrestaurant\/wp-content\/uploads\/2015\/06\/Mistral-Restaurant-Amy-Roth-Photo.jpg\",\"ppb_menu_with_image_fullwidth_image_height\":\"500\",\"ppb_menu_with_image_fullwidth_cat\":\"with-picture\",\"ppb_menu_with_image_fullwidth_items\":\"4\",\"ppb_menu_with_image_fullwidth_content_width\":\"40\",\"ppb_menu_with_image_fullwidth_content_align\":\"center\",\"ppb_menu_with_image_fullwidth_padding\":\"40\",\"ppb_menu_with_image_fullwidth_bgcolor\":\"#25252f\",\"ppb_menu_with_image_fullwidth_fontcolor\":\"#ffffff\",\"ppb_menu_with_image_fullwidth_custom_css\":\"\"}"],"1433479924433_size":["one"],"1433404789103_data":["{\"id\":1433404789103,\"shortcode\":\"ppb_divider\",\"ppb_text_title\":\"Paragraph Break\",\"ppb_text_content\":\"\",\"ppb_header_content\":\"\"}"],"1433404789103_size":["one"],"1433404789305_data":["{\"id\":1433404789305,\"shortcode\":\"ppb_divider\",\"ppb_text_title\":\"Paragraph Break\",\"ppb_text_content\":\"\",\"ppb_header_content\":\"\"}"],"1433404789305_size":["one"],"1433404738511_data":["{\"id\":\"1433404738511\",\"shortcode\":\"ppb_menu_with_image\",\"ppb_menu_with_image_title\":\"Starters\",\"ppb_menu_with_image_slug\":\"\",\"ppb_menu_with_image_subtitle\":\"\",\"ppb_menu_with_image_image\":\"http:\/\/themes.themegoods2.com\/grandrestaurant\/wp-content\/uploads\/2014\/07\/7311365.jpg\",\"ppb_menu_with_image_image_width\":\"65\",\"ppb_menu_with_image_align\":\"left\",\"ppb_menu_with_image_cat\":\"\",\"ppb_menu_with_image_items\":\"5\",\"ppb_menu_with_image_content_width\":\"40\",\"ppb_menu_with_image_padding\":\"40\",\"ppb_menu_with_image_bgcolor\":\"\",\"ppb_menu_with_image_custom_css\":\"\"}"],"1433404738511_size":["one"],"1433480008719_data":["{\"id\":1433480008719,\"shortcode\":\"ppb_divider\",\"ppb_text_title\":\"Paragraph Break\",\"ppb_text_content\":\"\",\"ppb_header_content\":\"\"}"],"1433480008719_size":["one"],"1433480008909_data":["{\"id\":1433480008909,\"shortcode\":\"ppb_divider\",\"ppb_text_title\":\"Paragraph Break\",\"ppb_text_content\":\"\",\"ppb_header_content\":\"\"}"],"1433480008909_size":["one"],"1433404818859_data":["{\"id\":\"1433404818859\",\"shortcode\":\"ppb_menu_with_image\",\"ppb_menu_with_image_title\":\"Signature%20Dishes\",\"ppb_menu_with_image_slug\":\"\",\"ppb_menu_with_image_subtitle\":\"\",\"ppb_menu_with_image_image\":\"http:\/\/themes.themegoods2.com\/grandrestaurant\/wp-content\/uploads\/2015\/03\/RTY-Shoyu-Bowl_LARGE.jpg\",\"ppb_menu_with_image_image_width\":\"65\",\"ppb_menu_with_image_align\":\"right\",\"ppb_menu_with_image_cat\":\"menu-of-the-day\",\"ppb_menu_with_image_items\":\"5\",\"ppb_menu_with_image_content_width\":\"40\",\"ppb_menu_with_image_padding\":\"40\",\"ppb_menu_with_image_bgcolor\":\"\",\"ppb_menu_with_image_custom_css\":\"padding-bottom:80px%20!important;\"}"],"1433404818859_size":["one"]}