{"ppb_form_data_order":["1433396292076,1433394579460"],"1433396292076_data":["{\"id\":\"1433396292076\",\"shortcode\":\"ppb_text\",\"ppb_text_title\":\"Tagline\",\"ppb_text_slug\":\"\",\"ppb_text_width\":\"60%25\",\"ppb_text_padding\":\"50\",\"ppb_text_bgcolor\":\"\",\"ppb_text_fontcolor\":\"\",\"ppb_text_custom_css\":\"text-align:center;\",\"ppb_text_content\":\"%3Cdiv%20style=%22font-size:30px;text-transform:uppercase;letter-spacing:-1px;font-weight:300;%22%3EUntil%20I%20discovered%20cooking%20I%20was%20never%20really%20interested%20in%20anything%3C\/div%3E%0A%3Cdiv%20class=%22post_detail%22%3EOur%20Founder%20John%20Phillipe%3C\/div%3E%0A%3Cspan%20style=%22font-family:Kristi;font-size:40px;font-weight:600;%22%3EJohn%20Phillipe%3C\/span%3E\"}"],"1433396292076_size":["one"],"1433394579460_data":["{\"id\":\"1433394579460\",\"shortcode\":\"ppb_menu_grid\",\"ppb_menu_grid_title\":\"Food%20Menu%20Grid\",\"ppb_menu_grid_slug\":\"\",\"ppb_menu_grid_cat\":\"with-picture\",\"ppb_menu_grid_items\":\"8\",\"ppb_menu_grid_padding\":\"0\",\"ppb_menu_grid_custom_css\":\"\",\"ppb_menu_grid_content\":\"\"}"],"1433394579460_size":["one"]}