{"ppb_form_data_order":["1433411292696,1433411042761,1433410247938,1433409934927,1433410096703,1433410195040,1433410228161,1433410606645"],"1433411292696_data":["{\"id\":\"1433411292696\",\"shortcode\":\"ppb_gallery_slider\",\"ppb_gallery_slider_title\":\"Cover\",\"ppb_gallery_slider_slug\":\"\",\"ppb_gallery_slider_gallery\":\"3437\",\"ppb_gallery_slider_height\":\"600\",\"ppb_gallery_slider_autoplay\":\"1\",\"ppb_gallery_slider_timer\":\"5\",\"ppb_gallery_slider_caption\":\"0\",\"ppb_gallery_slider_padding\":\"0\",\"ppb_gallery_slider_custom_css\":\"\"}"],"1433411292696_size":["one"],"1433411042761_data":["{\"id\":\"1433411042761\",\"shortcode\":\"ppb_contact_map\",\"ppb_contact_map_title\":\"\",\"ppb_contact_map_slug\":\"\",\"ppb_contact_map_subtitle\":\"\",\"ppb_contact_map_type\":\"ROADMAP\",\"ppb_contact_map_lat\":\"51.508823\",\"ppb_contact_map_long\":\"-0.127802\",\"ppb_contact_map_zoom\":\"16\",\"ppb_contact_map_popup\":\"\",\"ppb_contact_map_marker\":\"http:\/\/themes.themegoods2.com\/grandrestaurant\/wp-content\/uploads\/2015\/06\/marker.png\",\"ppb_contact_map_bgcolor\":\"#ffffff\",\"ppb_contact_map_fontcolor\":\"\",\"ppb_contact_map_buttonbgcolor\":\"\",\"ppb_contact_map_custom_css\":\"\",\"ppb_contact_map_content\":\"1.800.456.6743%20-%20contact@grandrestaurant.com%0A%3Cstrong%3EFor%20booking,%20please%20use%20reservation%20form%20(on%20the%20top%20right)%3C\/strong%3E\"}"],"1433411042761_size":["one"],"1433410247938_data":["{\"id\":\"1433410247938\",\"shortcode\":\"ppb_header\",\"ppb_header_title\":\"Our%20Branches\",\"ppb_header_slug\":\"\",\"ppb_header_subtitle\":\"\",\"ppb_header_width\":\"100%25\",\"ppb_header_textalign\":\"center\",\"ppb_header_padding\":\"40\",\"ppb_header_bgcolor\":\"\",\"ppb_header_fontcolor\":\"\",\"ppb_header_custom_css\":\"padding-bottom:%2020px%20!important;\",\"ppb_header_content\":\"\"}"],"1433410247938_size":["one"],"1433409934927_data":["{\"id\":\"1433409934927\",\"shortcode\":\"ppb_text\",\"ppb_text_title\":\"Branch%201\",\"ppb_text_slug\":\"\",\"ppb_text_width\":\"100%25\",\"ppb_text_padding\":\"30\",\"ppb_text_bgcolor\":\"\",\"ppb_text_fontcolor\":\"\",\"ppb_text_custom_css\":\"padding-top:%2010px%20!important;\",\"ppb_text_content\":\"%3Cstrong%3EGRAND%20RESTAURANT%20PARAGON%3C\/strong%3E%3Cbr\/%3E%0A732\/21%20Second%20Street,%20Manchester%3Cbr\/%3EKing%20Street,%20Kingston%20United%20Kingdom%0A%0A1.800.456.6743%0A%3Ca%20target=%22_blank%22%20href=%22https:\/\/www.google.co.th\/maps\/dir\/51.511989,-0.0926872\/EAT+-+King+William,+85+King+William+Street,+London+EC4N+7BL\/@51.511989,-0.118136,14z\/data=!4m8!4m7!1m0!1m5!1m1!1s0x487603538044e19b:0x6617a1ea0a45367c!2m2!1d-0.088016!2d51.51242%22%3E%3Ci%20class=%22fa%20fa-map-marker%22%3E%3C\/i%3E%C2%A0Get%20Directions%3C\/a%3E\"}"],"1433409934927_size":["one_fourth"],"1433410096703_data":["{\"id\":\"1433410096703\",\"shortcode\":\"ppb_text\",\"ppb_text_title\":\"Branch%202\",\"ppb_text_slug\":\"\",\"ppb_text_width\":\"100%25\",\"ppb_text_padding\":\"30\",\"ppb_text_bgcolor\":\"\",\"ppb_text_fontcolor\":\"\",\"ppb_text_custom_css\":\"padding-top:%2010px%20!important;\",\"ppb_text_content\":\"%3Cstrong%3EGRAND%20RESTAURANT%20CENTER%3C\/strong%3E%3Cbr\/%3E%0A78\/31%20Third%20Street,%20LiverPool%3Cbr\/%3EKing%20Street,%20Kingston%20United%20Kingdom%0A%0A1.800.456.6756%0A%3Ca%20target=%22_blank%22%20href=%22https:\/\/www.google.co.th\/maps\/dir\/51.511989,-0.0926872\/EAT+-+King+William,+85+King+William+Street,+London+EC4N+7BL\/@51.511989,-0.118136,14z\/data=!4m8!4m7!1m0!1m5!1m1!1s0x487603538044e19b:0x6617a1ea0a45367c!2m2!1d-0.088016!2d51.51242%22%3E%3Ci%20class=%22fa%20fa-map-marker%22%3E%3C\/i%3E%C2%A0Get%20Directions%3C\/a%3E\"}"],"1433410096703_size":["one_fourth"],"1433410195040_data":["{\"id\":\"1433410195040\",\"shortcode\":\"ppb_text\",\"ppb_text_title\":\"Branch%203\",\"ppb_text_slug\":\"\",\"ppb_text_width\":\"100%25\",\"ppb_text_padding\":\"30\",\"ppb_text_bgcolor\":\"\",\"ppb_text_fontcolor\":\"\",\"ppb_text_custom_css\":\"padding-top:%2010px%20!important;\",\"ppb_text_content\":\"%3Cstrong%3EGRAND%20RESTAURANT%20ZEN%3C\/strong%3E%3Cbr\/%3E%0A78\/31%20Third%20Street,%20LiverPool%3Cbr\/%3EKing%20Street,%20Kingston%20United%20Kingdom%0A%0A1.800.456.6756%0A%3Ca%20target=%22_blank%22%20href=%22https:\/\/www.google.co.th\/maps\/dir\/51.511989,-0.0926872\/EAT+-+King+William,+85+King+William+Street,+London+EC4N+7BL\/@51.511989,-0.118136,14z\/data=!4m8!4m7!1m0!1m5!1m1!1s0x487603538044e19b:0x6617a1ea0a45367c!2m2!1d-0.088016!2d51.51242%22%3E%3Ci%20class=%22fa%20fa-map-marker%22%3E%3C\/i%3E%C2%A0Get%20Directions%3C\/a%3E\"}"],"1433410195040_size":["one_fourth"],"1433410228161_data":["{\"id\":\"1433410228161\",\"shortcode\":\"ppb_text\",\"ppb_text_title\":\"Branch%204\",\"ppb_text_slug\":\"\",\"ppb_text_width\":\"100%25\",\"ppb_text_padding\":\"30\",\"ppb_text_bgcolor\":\"\",\"ppb_text_fontcolor\":\"\",\"ppb_text_custom_css\":\"padding-top:%2010px%20!important;\",\"ppb_text_content\":\"%3Cstrong%3EGRAND%20RESTAURANT%20CENTER%3C\/strong%3E%3Cbr\/%3E%0A78\/31%20Third%20Street,%20LiverPool%3Cbr\/%3EKing%20Street,%20Kingston%20United%20Kingdom%0A%0A1.800.456.6756%0A%3Ca%20target=%22_blank%22%20href=%22https:\/\/www.google.co.th\/maps\/dir\/51.511989,-0.0926872\/EAT+-+King+William,+85+King+William+Street,+London+EC4N+7BL\/@51.511989,-0.118136,14z\/data=!4m8!4m7!1m0!1m5!1m1!1s0x487603538044e19b:0x6617a1ea0a45367c!2m2!1d-0.088016!2d51.51242%22%3E%3Ci%20class=%22fa%20fa-map-marker%22%3E%3C\/i%3E%C2%A0Get%20Directions%3C\/a%3E\"}"],"1433410228161_size":["one_fourth last"],"1433410606645_data":["{\"id\":1433410606645,\"shortcode\":\"ppb_divider\",\"ppb_text_title\":\"Paragraph Break\",\"ppb_text_content\":\"\",\"ppb_header_content\":\"\"}"],"1433410606645_size":["one"]}