{"ppb_form_data_order":["1433859972641,1433428089727,1433428107918,1433428128382,1433428142613,1433859991532,1433859821296,1433859842635"],"1433859972641_data":["{\"id\":\"1433859972641\",\"shortcode\":\"ppb_revslider\",\"ppb_revslider_title\":\"Cover\",\"ppb_revslider_slug\":\"\",\"ppb_revslider_slider_id\":\"home3-slider\"}"],"1433859972641_size":["one"],"1433428089727_data":["{\"id\":\"1433428089727\",\"shortcode\":\"ppb_text\",\"ppb_text_title\":\"Branch%201\",\"ppb_text_slug\":\"\",\"ppb_text_width\":\"100%25\",\"ppb_text_padding\":\"50\",\"ppb_text_bgcolor\":\"\",\"ppb_text_fontcolor\":\"\",\"ppb_text_custom_css\":\"\",\"ppb_text_content\":\"%3Cstrong%3EGRAND%20RESTAURANT%20PARAGON%3C\/strong%3E%3Cbr\/%3E%0A732\/21%20Second%20Street,%20Manchester%3Cbr\/%3EKing%20Street,%20Kingston%20United%20Kingdom%0A%0A1.800.456.6743%0A%3Ca%20href=%22https:\/\/www.google.co.th\/maps\/dir\/51.511989,-0.0926872\/EAT+-+King+William,+85+King+William+Street,+London+EC4N+7BL\/@51.511989,-0.118136,14z\/data=!4m8!4m7!1m0!1m5!1m1!1s0x487603538044e19b:0x6617a1ea0a45367c!2m2!1d-0.088016!2d51.51242%22%3E%3Ci%20class=%22fa%20fa-map-marker%22%3E%3C\/i%3E%C2%A0Get%20Directions%3C\/a%3E\"}"],"1433428089727_size":["one_fourth"],"1433428107918_data":["{\"id\":\"1433428107918\",\"shortcode\":\"ppb_text\",\"ppb_text_title\":\"Branch%202\",\"ppb_text_slug\":\"\",\"ppb_text_width\":\"100%25\",\"ppb_text_padding\":\"50\",\"ppb_text_bgcolor\":\"\",\"ppb_text_fontcolor\":\"\",\"ppb_text_custom_css\":\"\",\"ppb_text_content\":\"%3Cstrong%3EGRAND%20RESTAURANT%20CENTER%3C\/strong%3E%3Cbr\/%3E%0A78\/31%20Third%20Street,%20LiverPool%3Cbr\/%3EKing%20Street,%20Kingston%20United%20Kingdom%0A%0A1.800.456.6756%0A%3Ca%20href=%22https:\/\/www.google.co.th\/maps\/dir\/51.511989,-0.0926872\/EAT+-+King+William,+85+King+William+Street,+London+EC4N+7BL\/@51.511989,-0.118136,14z\/data=!4m8!4m7!1m0!1m5!1m1!1s0x487603538044e19b:0x6617a1ea0a45367c!2m2!1d-0.088016!2d51.51242%22%3E%3Ci%20class=%22fa%20fa-map-marker%22%3E%3C\/i%3E%C2%A0Get%20Directions%3C\/a%3E\"}"],"1433428107918_size":["one_fourth"],"1433428128382_data":["{\"id\":\"1433428128382\",\"shortcode\":\"ppb_text\",\"ppb_text_title\":\"Branch%203\",\"ppb_text_slug\":\"\",\"ppb_text_width\":\"100%25\",\"ppb_text_padding\":\"50\",\"ppb_text_bgcolor\":\"\",\"ppb_text_fontcolor\":\"\",\"ppb_text_custom_css\":\"\",\"ppb_text_content\":\"%3Cstrong%3EGRAND%20RESTAURANT%20ZEN%3C\/strong%3E%3Cbr\/%3E%0A78\/31%20Third%20Street,%20LiverPool%3Cbr\/%3EKing%20Street,%20Kingston%20United%20Kingdom%0A%0A1.800.456.6756%0A%3Ca%20href=%22https:\/\/www.google.co.th\/maps\/dir\/51.511989,-0.0926872\/EAT+-+King+William,+85+King+William+Street,+London+EC4N+7BL\/@51.511989,-0.118136,14z\/data=!4m8!4m7!1m0!1m5!1m1!1s0x487603538044e19b:0x6617a1ea0a45367c!2m2!1d-0.088016!2d51.51242%22%3E%3Ci%20class=%22fa%20fa-map-marker%22%3E%3C\/i%3E%C2%A0Get%20Directions%3C\/a%3E\"}"],"1433428128382_size":["one_fourth"],"1433428142613_data":["{\"id\":\"1433428142613\",\"shortcode\":\"ppb_text\",\"ppb_text_title\":\"Branch%204\",\"ppb_text_slug\":\"\",\"ppb_text_width\":\"100%25\",\"ppb_text_padding\":\"50\",\"ppb_text_bgcolor\":\"\",\"ppb_text_fontcolor\":\"\",\"ppb_text_custom_css\":\"\",\"ppb_text_content\":\"%3Cstrong%3EGRAND%20RESTAURANT%20CENTER%3C\/strong%3E%3Cbr\/%3E%0A78\/31%20Third%20Street,%20LiverPool%3Cbr\/%3EKing%20Street,%20Kingston%20United%20Kingdom%0A%0A1.800.456.6756%0A%3Ca%20href=%22https:\/\/www.google.co.th\/maps\/dir\/51.511989,-0.0926872\/EAT+-+King+William,+85+King+William+Street,+London+EC4N+7BL\/@51.511989,-0.118136,14z\/data=!4m8!4m7!1m0!1m5!1m1!1s0x487603538044e19b:0x6617a1ea0a45367c!2m2!1d-0.088016!2d51.51242%22%3E%3Ci%20class=%22fa%20fa-map-marker%22%3E%3C\/i%3E%C2%A0Get%20Directions%3C\/a%3E\"}"],"1433428142613_size":["one_fourth last"],"1433859991532_data":["{\"id\":\"1433859991532\",\"shortcode\":\"ppb_menu_slider\",\"ppb_menu_slider_title\":\"Menus\",\"ppb_menu_slider_slug\":\"\",\"ppb_menu_slider_cat\":\"with-picture\",\"ppb_menu_slider_items\":\"5\",\"ppb_menu_slider_custom_css\":\"\"}"],"1433859991532_size":["one"],"1433859821296_data":["{\"id\":\"1433859821296\",\"shortcode\":\"ppb_header\",\"ppb_header_title\":\"Latest%20News\",\"ppb_header_slug\":\"\",\"ppb_header_subtitle\":\"\",\"ppb_header_width\":\"100%25\",\"ppb_header_textalign\":\"center\",\"ppb_header_padding\":\"50\",\"ppb_header_bgcolor\":\"\",\"ppb_header_fontcolor\":\"\",\"ppb_header_custom_css\":\"\",\"ppb_header_content\":\"\"}"],"1433859821296_size":["one"],"1433859842635_data":["{\"id\":\"1433859842635\",\"shortcode\":\"ppb_blog_grid\",\"ppb_blog_grid_title\":\"News\",\"ppb_blog_grid_slug\":\"\",\"ppb_blog_grid_cat\":\"\",\"ppb_blog_grid_items\":\"3\",\"ppb_blog_grid_padding\":\"50\",\"ppb_blog_grid_link_title\":\"\",\"ppb_blog_grid_link_url\":\"\",\"ppb_blog_grid_custom_css\":\"padding-top:%200%20!important;\"}"],"1433859842635_size":["one"]}