{"ppb_form_data_order":["1434111808587,1433422543440,1433427208072,1433428367716,1433428492895,1434111465022,1433427024595"],"1434111808587_data":["{\"id\":\"1434111808587\",\"shortcode\":\"ppb_text\",\"ppb_text_title\":\"Tagline\",\"ppb_text_slug\":\"\",\"ppb_text_width\":\"60%25\",\"ppb_text_padding\":\"50\",\"ppb_text_bgcolor\":\"\",\"ppb_text_fontcolor\":\"\",\"ppb_text_custom_css\":\"text-align:center;\",\"ppb_text_content\":\"%3Cdiv%20style=%22font-size:30px;text-transform:uppercase;letter-spacing:-1px;font-weight:300;%22%3EUntil%20I%20discovered%20cooking%20I%20was%20never%20really%20interested%20in%20anything%3C\/div%3E%0A%3Cdiv%20class=%22post_detail%22%3EOur%20Founder%20John%20Phillipe%3C\/div%3E%0A%3Cspan%20style=%22font-family:Kristi;font-size:40px;font-weight:600;%22%3EJohn%20Phillipe%3C\/span%3E\"}"],"1434111808587_size":["one"],"1433422543440_data":["{\"id\":\"1433422543440\",\"shortcode\":\"ppb_map_content\",\"ppb_map_content_title\":\"Branch%20Paragon\",\"ppb_map_content_slug\":\"\",\"ppb_map_content_subtitle\":\"\",\"ppb_map_content_type\":\"ROADMAP\",\"ppb_map_content_map_width\":\"65\",\"ppb_map_content_map_height\":\"600\",\"ppb_map_content_lat\":\"51.508823\",\"ppb_map_content_long\":\"-0.127802\",\"ppb_map_content_zoom\":\"16\",\"ppb_map_content_popup\":\"\",\"ppb_map_content_marker\":\"http:\/\/themes.themegoods2.com\/grandrestaurant\/wp-content\/uploads\/2015\/06\/marker.png\",\"ppb_map_content_align\":\"left\",\"ppb_map_content_content_width\":\"40\",\"ppb_map_content_padding\":\"40\",\"ppb_map_content_bgcolor\":\"#1a3853\",\"ppb_map_content_fontcolor\":\"#ffffff\",\"ppb_map_content_custom_css\":\"padding:%200%200%2070px%200%20!important;\",\"ppb_map_content_content\":\"%3Cstrong%3EGRAND%20RESTAURANT%20PARAGON%3C\/strong%3E%3Cbr\/%3E%0A732\/21%20Second%20Street,%20Manchester%3Cbr\/%3EKing%20Street,%20Kingston%20United%20Kingdom%0A%0A1.800.456.6743\"}"],"1433422543440_size":["one"],"1433427208072_data":["{\"id\":\"1433427208072\",\"shortcode\":\"ppb_map_content\",\"ppb_map_content_title\":\"Branch%20Center\",\"ppb_map_content_slug\":\"\",\"ppb_map_content_subtitle\":\"\",\"ppb_map_content_type\":\"ROADMAP\",\"ppb_map_content_map_width\":\"65\",\"ppb_map_content_map_height\":\"500\",\"ppb_map_content_lat\":\"51.505274\",\"ppb_map_content_long\":\"-0.135673\",\"ppb_map_content_zoom\":\"16\",\"ppb_map_content_popup\":\"\",\"ppb_map_content_marker\":\"http:\/\/themes.themegoods2.com\/grandrestaurant\/wp-content\/uploads\/2015\/06\/marker.png\",\"ppb_map_content_align\":\"right\",\"ppb_map_content_content_width\":\"40\",\"ppb_map_content_padding\":\"40\",\"ppb_map_content_bgcolor\":\"#1a3853\",\"ppb_map_content_fontcolor\":\"#ffffff\",\"ppb_map_content_custom_css\":\"padding:%200%200%2070px%200%20!important;\",\"ppb_map_content_content\":\"%3Cstrong%3EGRAND%20RESTAURANT%20CENTER%3C\/strong%3E%3Cbr\/%3E%0A78\/31%20Third%20Street,%20LiverPool%3Cbr\/%3EKing%20Street,%20Kingston%20United%20Kingdom%0A%0A1.800.456.6756\"}"],"1433427208072_size":["one"],"1433428367716_data":["{\"id\":\"1433428367716\",\"shortcode\":\"ppb_map_content\",\"ppb_map_content_title\":\"Branch%20Zen\",\"ppb_map_content_slug\":\"\",\"ppb_map_content_subtitle\":\"\",\"ppb_map_content_type\":\"ROADMAP\",\"ppb_map_content_map_width\":\"65\",\"ppb_map_content_map_height\":\"500\",\"ppb_map_content_lat\":\"51.505274\",\"ppb_map_content_long\":\"-0.135673\",\"ppb_map_content_zoom\":\"16\",\"ppb_map_content_popup\":\"\",\"ppb_map_content_marker\":\"http:\/\/themes.themegoods2.com\/grandrestaurant\/wp-content\/uploads\/2015\/06\/marker.png\",\"ppb_map_content_align\":\"left\",\"ppb_map_content_content_width\":\"40\",\"ppb_map_content_padding\":\"40\",\"ppb_map_content_bgcolor\":\"#1a3853\",\"ppb_map_content_fontcolor\":\"#ffffff\",\"ppb_map_content_custom_css\":\"padding:%200%200%2070px%200%20!important;\",\"ppb_map_content_content\":\"%3Cstrong%3EGRAND%20RESTAURANT%20ZEN%3C\/strong%3E%3Cbr\/%3E%0A78\/31%20Third%20Street,%20LiverPool%3Cbr\/%3EKing%20Street,%20Kingston%20United%20Kingdom%0A%0A1.800.456.6756\"}"],"1433428367716_size":["one"],"1433428492895_data":["{\"id\":\"1433428492895\",\"shortcode\":\"ppb_map_content\",\"ppb_map_content_title\":\"Branch%20Town%20Hall\",\"ppb_map_content_slug\":\"\",\"ppb_map_content_subtitle\":\"\",\"ppb_map_content_type\":\"ROADMAP\",\"ppb_map_content_map_width\":\"65\",\"ppb_map_content_map_height\":\"500\",\"ppb_map_content_lat\":\"51.505274\",\"ppb_map_content_long\":\"-0.135673\",\"ppb_map_content_zoom\":\"16\",\"ppb_map_content_popup\":\"\",\"ppb_map_content_marker\":\"http:\/\/themes.themegoods2.com\/grandrestaurant\/wp-content\/uploads\/2015\/06\/marker.png\",\"ppb_map_content_align\":\"right\",\"ppb_map_content_content_width\":\"40\",\"ppb_map_content_padding\":\"40\",\"ppb_map_content_bgcolor\":\"#1a3853\",\"ppb_map_content_fontcolor\":\"#ffffff\",\"ppb_map_content_custom_css\":\"padding:%200%200%2070px%200%20!important;\",\"ppb_map_content_content\":\"%3Cstrong%3EGRAND%20RESTAURANT%20TOWN%20HALL%3C\/strong%3E%3Cbr\/%3E%0A78\/31%20Third%20Street,%20LiverPool%3Cbr\/%3EKing%20Street,%20Kingston%20United%20Kingdom%0A%0A1.800.456.6756\"}"],"1433428492895_size":["one"],"1434111465022_data":["{\"id\":\"1434111465022\",\"shortcode\":\"ppb_contact_parallax\",\"ppb_contact_parallax_title\":\"Contact%20Form\",\"ppb_contact_parallax_slug\":\"\",\"ppb_contact_parallax_subtitle\":\"\",\"ppb_contact_parallax_image\":\"http:\/\/themes.themegoods2.com\/grandrestaurant3\/wp-content\/uploads\/2015\/06\/dishoom-eat-drink-restaurants-gastro-pubs-large.jpg\",\"ppb_contact_parallax_image_width\":\"65\",\"ppb_contact_parallax_align\":\"left\",\"ppb_contact_parallax_content_width\":\"40\",\"ppb_contact_parallax_padding\":\"40\",\"ppb_contact_parallax_bgcolor\":\"#ffffff\",\"ppb_contact_parallax_custom_css\":\"padding-bottom:%20100px%20!important;\",\"ppb_contact_parallax_content\":\"1.800.456.6743%20-%20contact@grandrestaurant.com%0A%3Cstrong%3EFor%20booking,%20please%20use%20reservation%20form%20(on%20the%20top%20right)%3C\/strong%3E\"}"],"1434111465022_size":["one"],"1433427024595_data":["{\"id\":\"1433427024595\",\"shortcode\":\"ppb_text\",\"ppb_text_title\":\"Openning%20Hours\",\"ppb_text_slug\":\"\",\"ppb_text_width\":\"60%25\",\"ppb_text_padding\":\"50\",\"ppb_text_bgcolor\":\"\",\"ppb_text_fontcolor\":\"\",\"ppb_text_custom_css\":\"text-align:center;padding-top:%200%20!important;\",\"ppb_text_content\":\"%3Cdiv%20style=%22font-size:30px;text-transform:uppercase;letter-spacing:-1px;font-weight:300;%22%3EOpenning%20Hours%3C\/div%3E%0AVulputate%20mi%20dui%20suscipit,%20molestie%20vulputate%20libero%20fusce%20iaculis%20suscipit.%20Sapien%20pede%20libero.%20Maecenas%20lacus%20aliquet%20et%20nisl%20nunc,%20per%20sed%20sed%20maecenas.Lectus%20tincidunt%20pellentesque%20augue%20urna%20sit%20sed.%3Cbr\/%3E%3Cbr\/%3E%0A%3Ctable%20class=%22opening_hours_table%22%3E%0A%3Ctbody%3E%0A%3Ctr%3E%0A%3Cth%3E%3C\/th%3E%0A%3Cth%3ENoon%3C\/th%3E%0A%3Cth%3EEvening%3C\/th%3E%0A%3C\/tr%3E%0A%3Ctr%3E%0A%3Cth%3EMonday%3C\/th%3E%0A%3Ctd%3EClosed%3C\/td%3E%0A%3Ctd%3E8:30pm%20to%2010:30pm%3C\/td%3E%0A%3C\/tr%3E%0A%3Ctr%3E%0A%3Cth%3ETuesday%3C\/th%3E%0A%3Ctd%3EClosed%3C\/td%3E%0A%3Ctd%3E8:30pm%20to%2010:30pm%3C\/td%3E%0A%3C\/tr%3E%0A%3Ctr%3E%0A%3Cth%3EWednesday%3C\/th%3E%0A%3Ctd%3EClosed%3C\/td%3E%0A%3Ctd%3E8:30pm%20to%2010:30pm%3C\/td%3E%0A%3C\/tr%3E%0A%3Ctr%3E%0A%3Cth%3EThursday%3C\/th%3E%0A%3Ctd%3EClosed%3C\/td%3E%0A%3Ctd%3E8:30pm%20to%2010:30pm%3C\/td%3E%0A%3C\/tr%3E%0A%3Ctr%3E%0A%3Cth%3EFriday%3C\/th%3E%0A%3Ctd%3E12:00pm%20to%203:00pm%3C\/td%3E%0A%3Ctd%3E5:30pm%20to%2012:00pm%3C\/td%3E%0A%3C\/tr%3E%0A%3Ctr%3E%0A%3Cth%3ESaturday%3C\/th%3E%0A%3Ctd%3E11:00am%20to%205:00pm%20(brunch)%3C\/td%3E%0A%3Ctd%3E5:30pm%20to%2012:00pm%3C\/td%3E%0A%3C\/tr%3E%0A%3Ctr%3E%0A%3Cth%3ESunday%3C\/th%3E%0A%3Ctd%3E11:00am%20to%205:00pm%20(brunch)%3C\/td%3E%0A%3Ctd%3E5:30pm%20to%2012:00pm%3C\/td%3E%0A%3C\/tr%3E%0A%3C\/tbody%3E%0A%3C\/table%3E\"}"],"1433427024595_size":["one"]}