{"ppb_form_data_order":["1433246983327,1433248096640,1433253304926,1433254303117,1433254908436,1433847574672,1433255701819,1433315754708,1433315592540,1433315755124,1433918432682,1433918545015,1433255425216,1433848122584"],"1433246983327_data":["{\"id\":\"1433246983327\",\"shortcode\":\"ppb_revslider\",\"ppb_revslider_title\":\"Cover\",\"ppb_revslider_slug\":\"\",\"ppb_revslider_slider_id\":\"home1-slider\"}"],"1433246983327_size":["one"],"1433248096640_data":["{\"id\":\"1433248096640\",\"shortcode\":\"ppb_text\",\"ppb_text_title\":\"Tagline\",\"ppb_text_slug\":\"\",\"ppb_text_width\":\"60%25\",\"ppb_text_padding\":\"50\",\"ppb_text_bgcolor\":\"\",\"ppb_text_fontcolor\":\"\",\"ppb_text_custom_css\":\"text-align:center;padding-bottom:0%20!important;\",\"ppb_text_content\":\"%3Cdiv%20style=%22font-size:30px;text-transform:uppercase;letter-spacing:-1px;font-weight:300;%22%3EUntil%20I%20discovered%20cooking%20I%20was%20never%20really%20interested%20in%20anything%3C\/div%3E%0A%3Cdiv%20class=%22post_detail%22%3EOur%20Founder%20John%20Phillipe%3C\/div%3E%0A%3Cspan%20style=%22font-family:Kristi;font-size:40px;font-weight:600;%22%3EJohn%20Phillipe%3C\/span%3E\"}"],"1433248096640_size":["one"],"1433253304926_data":["{\"id\":\"1433253304926\",\"shortcode\":\"ppb_card_two_cols_with_image\",\"ppb_card_two_cols_with_image_title\":\"Discover%20Our%20Story\",\"ppb_card_two_cols_with_image_slug\":\"\",\"ppb_card_two_cols_with_image_subtitle\":\"Ultimate%20dining%20experience%20like%20no%20other\",\"ppb_card_two_cols_with_image_image\":\"http:\/\/themes.themegoods2.com\/grandrestaurant\/wp-content\/uploads\/2015\/05\/about.jpg\",\"ppb_card_two_cols_with_image_image_width\":\"65\",\"ppb_card_two_cols_with_image_align\":\"left\",\"ppb_card_two_cols_with_image_content_width\":\"40\",\"ppb_card_two_cols_with_image_padding\":\"40\",\"ppb_card_two_cols_with_image_bgcolor\":\"#ffffff\",\"ppb_card_two_cols_with_image_fontcolor\":\"\",\"ppb_card_two_cols_with_image_custom_css\":\"padding:%2050px%200%2070px%200%20!important;\",\"ppb_card_two_cols_with_image_content\":\"Sed%20ut%20perspiciatis%20unde%20omnis%20iste%20natus%20error%20sit%20voluptatem%20accusantium%20doloremque%20laudantium,%20totam%20rem%20aperiam,%20eaque%20ipsa%20quae%20ab%20illo%20inventore%20veritatis%20et%20quasi.%20Exercitation%20photo%20booth%20stumptown%20tote%20bag%20Banksy,%20elit%20small%20batch%20freegan%20sed.%20Craft%20beer%20elit%20seitan%20exercitation,%20photo%20booth%20et%208-bit%20kale%20chips%20proident%20chillwave%20deep%20v%20laborum.%20Aliquip%20veniam%20delectus,%20Marfa%20eiusmod%20Pinterest%20in%20do%20umami%20readymade.\"}"],"1433253304926_size":["one"],"1433254303117_data":["{\"id\":1433254303117,\"shortcode\":\"ppb_divider\",\"ppb_text_title\":\"Paragraph Break\",\"ppb_text_content\":\"\",\"ppb_header_content\":\"\"}"],"1433254303117_size":["one"],"1433254908436_data":["{\"id\":\"1433254908436\",\"shortcode\":\"ppb_image_parallax\",\"ppb_image_parallax_title\":\"Delightful%20Experience\",\"ppb_image_parallax_slug\":\"\",\"ppb_image_parallax_image\":\"http:\/\/themes.themegoods2.com\/grandrestaurant\/wp-content\/uploads\/2015\/05\/223_1r140806_eat_spots_sobanndls.jpg\",\"ppb_image_parallax_height\":\"60\",\"ppb_image_parallax_display_title\":\"1\",\"ppb_image_parallax_custom_css\":\"\"}"],"1433254908436_size":["one"],"1433847574672_data":["{\"id\":\"1433847574672\",\"shortcode\":\"ppb_menu_grid\",\"ppb_menu_grid_title\":\"Menus\",\"ppb_menu_grid_slug\":\"\",\"ppb_menu_grid_cat\":\"with-picture\",\"ppb_menu_grid_items\":\"8\",\"ppb_menu_grid_padding\":\"0\",\"ppb_menu_grid_custom_css\":\"\"}"],"1433847574672_size":["one"],"1433255701819_data":["{\"id\":\"1433255701819\",\"shortcode\":\"ppb_image_parallax\",\"ppb_image_parallax_title\":\"Amazing%20Delicious\",\"ppb_image_parallax_slug\":\"\",\"ppb_image_parallax_image\":\"http:\/\/themes.themegoods2.com\/grandrestaurant\/wp-content\/uploads\/2015\/05\/dl_00_01_021.jpg\",\"ppb_image_parallax_height\":\"60\",\"ppb_image_parallax_display_title\":\"1\",\"ppb_image_parallax_custom_css\":\"\"}"],"1433255701819_size":["one"],"1433315754708_data":["{\"id\":1433315754708,\"shortcode\":\"ppb_divider\",\"ppb_text_title\":\"Paragraph Break\",\"ppb_text_content\":\"\",\"ppb_header_content\":\"\"}"],"1433315754708_size":["one"],"1433315592540_data":["{\"id\":\"1433315592540\",\"shortcode\":\"ppb_menu_with_image\",\"ppb_menu_with_image_title\":\"Starters\",\"ppb_menu_with_image_slug\":\"\",\"ppb_menu_with_image_subtitle\":\"\",\"ppb_menu_with_image_image\":\"http:\/\/themes.themegoods2.com\/grandrestaurant\/wp-content\/uploads\/2015\/05\/223_1r140806_eat_spots_sobanndls.jpg\",\"ppb_menu_with_image_image_width\":\"65\",\"ppb_menu_with_image_align\":\"left\",\"ppb_menu_with_image_cat\":\"\",\"ppb_menu_with_image_items\":\"5\",\"ppb_menu_with_image_content_width\":\"40\",\"ppb_menu_with_image_padding\":\"40\",\"ppb_menu_with_image_bgcolor\":\"#ffffff\",\"ppb_menu_with_image_custom_css\":\"padding:%2070px%200%2070px%200%20!important;\"}"],"1433315592540_size":["one"],"1433315755124_data":["{\"id\":1433315755124,\"shortcode\":\"ppb_divider\",\"ppb_text_title\":\"Paragraph Break\",\"ppb_text_content\":\"\",\"ppb_header_content\":\"\"}"],"1433315755124_size":["one"],"1433918432682_data":["{\"id\":\"1433918432682\",\"shortcode\":\"ppb_menu_with_image\",\"ppb_menu_with_image_title\":\"Lunch%20Sets\",\"ppb_menu_with_image_slug\":\"\",\"ppb_menu_with_image_subtitle\":\"\",\"ppb_menu_with_image_image\":\"http:\/\/themes.themegoods2.com\/grandrestaurant\/wp-content\/uploads\/2015\/06\/delivery.jpg\",\"ppb_menu_with_image_image_width\":\"65\",\"ppb_menu_with_image_align\":\"right\",\"ppb_menu_with_image_cat\":\"\",\"ppb_menu_with_image_items\":\"5\",\"ppb_menu_with_image_content_width\":\"40\",\"ppb_menu_with_image_padding\":\"40\",\"ppb_menu_with_image_bgcolor\":\"\",\"ppb_menu_with_image_custom_css\":\"padding:%2070px%200%2070px%200%20!important;\"}"],"1433918432682_size":["one"],"1433918545015_data":["{\"id\":1433918545015,\"shortcode\":\"ppb_divider\",\"ppb_text_title\":\"Paragraph Break\",\"ppb_text_content\":\"\",\"ppb_header_content\":\"\"}"],"1433918545015_size":["one"],"1433255425216_data":["{\"id\":\"1433255425216\",\"shortcode\":\"ppb_card_two_cols_with_image\",\"ppb_card_two_cols_with_image_title\":\"Our%20Restaurant\",\"ppb_card_two_cols_with_image_slug\":\"\",\"ppb_card_two_cols_with_image_subtitle\":\"Checkout%20our%20restaurant%20and%20special%20dishes\",\"ppb_card_two_cols_with_image_image\":\"http:\/\/themes.themegoods2.com\/grandrestaurant\/wp-content\/uploads\/2015\/04\/3250_1a_c_photography_restaurants___food_port_13_2.jpg\",\"ppb_card_two_cols_with_image_image_width\":\"65\",\"ppb_card_two_cols_with_image_align\":\"left\",\"ppb_card_two_cols_with_image_content_width\":\"40\",\"ppb_card_two_cols_with_image_padding\":\"40\",\"ppb_card_two_cols_with_image_bgcolor\":\"#ffffff\",\"ppb_card_two_cols_with_image_fontcolor\":\"\",\"ppb_card_two_cols_with_image_custom_css\":\"padding:%2070px%200%2070px%200%20!important;\",\"ppb_card_two_cols_with_image_content\":\"Sed%20ut%20perspiciatis%20unde%20omnis%20iste%20natus%20error%20sit%20voluptatem%20accusantium%20doloremque%20laudantium,%20totam%20rem%20aperiam,%20eaque%20ipsa%20quae%20ab%20illo%20inventore%20veritatis%20et%20quasi.%20%0A%3Cbr\/%3E%0A%3Ca%20href=%22http:\/\/themes.themegoods2.com\/grandrestaurant\/galleries\/fullscreen-gallery\/%22%20class=%22button%22%3EView%20Gallery%3C\/a%3E\"}"],"1433255425216_size":["one"],"1433848122584_data":["{\"id\":1433848122584,\"shortcode\":\"ppb_divider\",\"ppb_text_title\":\"Paragraph Break\",\"ppb_text_content\":\"\",\"ppb_header_content\":\"\"}"],"1433848122584_size":["one"]}