{"ppb_form_data_order":["1433408504225,1433408588375,1433408824739,1433409067121,1433410247938,1433409934927,1433410096703,1433410195040,1433410228161,1433410606645"],"1433408504225_data":["{\"id\":\"1433408504225\",\"shortcode\":\"ppb_text\",\"ppb_text_title\":\"Tagline\",\"ppb_text_slug\":\"\",\"ppb_text_width\":\"60%25\",\"ppb_text_padding\":\"50\",\"ppb_text_bgcolor\":\"\",\"ppb_text_fontcolor\":\"\",\"ppb_text_custom_css\":\"text-align:center;padding-bottom:%200px%20!important;\",\"ppb_text_content\":\"%3Cdiv%20style=%22font-size:30px;text-transform:uppercase;letter-spacing:-1px;font-weight:300;%22%3EUntil%20I%20discovered%20cooking%20I%20was%20never%20really%20interested%20in%20anything%3C\/div%3E\"}"],"1433408504225_size":["one"],"1433408588375_data":["{\"id\":\"1433408588375\",\"shortcode\":\"ppb_text\",\"ppb_text_title\":\"Text%20Content\",\"ppb_text_slug\":\"\",\"ppb_text_width\":\"80%25\",\"ppb_text_padding\":\"50\",\"ppb_text_bgcolor\":\"\",\"ppb_text_fontcolor\":\"\",\"ppb_text_custom_css\":\"padding-top:%200%20!important;text-align:center;\",\"ppb_text_content\":\"Fringilla%20penatibus%20orci%20est%20non%20mollit,%20suspendisse%20pulvinar%20egestas%20a%20donec.%20Vulputate%20mi%20dui%20suscipit,%20molestie%20vulputate%20libero%20fusce%20iaculis%20suscipit.%20Sapien%20pede%20libero.%20Maecenas%20lacus%20aliquet%20et%20nisl%20nunc,%20per%20sed%20sed%20maecenas.Lectus%20tincidunt.\"}"],"1433408588375_size":["one"],"1433408824739_data":["{\"id\":\"1433408824739\",\"shortcode\":\"ppb_contact_parallax\",\"ppb_contact_parallax_title\":\"Contacts\",\"ppb_contact_parallax_slug\":\"\",\"ppb_contact_parallax_subtitle\":\"\",\"ppb_contact_parallax_image\":\"http:\/\/themes.themegoods2.com\/grandrestaurant\/wp-content\/uploads\/2015\/04\/3250_1a_c_photography_restaurants___food_port_13_2.jpg\",\"ppb_contact_parallax_image_width\":\"70\",\"ppb_contact_parallax_align\":\"left\",\"ppb_contact_parallax_content_width\":\"40\",\"ppb_contact_parallax_padding\":\"30\",\"ppb_contact_parallax_bgcolor\":\"\",\"ppb_contact_parallax_custom_css\":\"padding-bottom:%20100px%20!important;\",\"ppb_contact_parallax_content\":\"1.800.456.6743%20-%20contact@grandrestaurant.com%0A%3Cstrong%3EFor%20booking,%20please%20use%20reservation%20form%20(on%20the%20top%20right)%3C\/strong%3E\"}"],"1433408824739_size":["one"],"1433409067121_data":["{\"id\":\"1433409067121\",\"shortcode\":\"ppb_map\",\"ppb_map_title\":\"Map\",\"ppb_map_slug\":\"\",\"ppb_map_type\":\"ROADMAP\",\"ppb_map_height\":\"600\",\"ppb_map_lat\":\"51.508823\",\"ppb_map_long\":\"-0.127802\",\"ppb_map_zoom\":\"16\",\"ppb_map_popup\":\"\",\"ppb_map_marker\":\"http:\/\/themes.themegoods2.com\/grandrestaurant\/wp-content\/uploads\/2015\/06\/marker.png\"}"],"1433409067121_size":["one"],"1433410247938_data":["{\"id\":\"1433410247938\",\"shortcode\":\"ppb_header\",\"ppb_header_title\":\"Our%20Branches\",\"ppb_header_slug\":\"\",\"ppb_header_subtitle\":\"\",\"ppb_header_width\":\"100%25\",\"ppb_header_textalign\":\"center\",\"ppb_header_padding\":\"40\",\"ppb_header_bgcolor\":\"\",\"ppb_header_fontcolor\":\"\",\"ppb_header_custom_css\":\"padding-bottom:%200%20!important;\",\"ppb_header_content\":\"\"}"],"1433410247938_size":["one"],"1433409934927_data":["{\"id\":\"1433409934927\",\"shortcode\":\"ppb_text\",\"ppb_text_title\":\"Branch%201\",\"ppb_text_slug\":\"\",\"ppb_text_width\":\"100%25\",\"ppb_text_padding\":\"30\",\"ppb_text_bgcolor\":\"\",\"ppb_text_fontcolor\":\"\",\"ppb_text_custom_css\":\"padding-top:%2010px%20!important;\",\"ppb_text_content\":\"%3Cstrong%3EGRAND%20RESTAURANT%20PARAGON%3C\/strong%3E%3Cbr\/%3E%0A732\/21%20Second%20Street,%20Manchester%3Cbr\/%3EKing%20Street,%20Kingston%20United%20Kingdom%0A%0A1.800.456.6743%0A%3Ca%20href=%22https:\/\/www.google.co.th\/maps\/dir\/51.511989,-0.0926872\/EAT+-+King+William,+85+King+William+Street,+London+EC4N+7BL\/@51.511989,-0.118136,14z\/data=!4m8!4m7!1m0!1m5!1m1!1s0x487603538044e19b:0x6617a1ea0a45367c!2m2!1d-0.088016!2d51.51242%22%3E%3Ci%20class=%22fa%20fa-map-marker%22%3E%3C\/i%3E\u00a0Get%20Directions%3C\/a%3E\"}"],"1433409934927_size":["one_fourth"],"1433410096703_data":["{\"id\":\"1433410096703\",\"shortcode\":\"ppb_text\",\"ppb_text_title\":\"Branch%202\",\"ppb_text_slug\":\"\",\"ppb_text_width\":\"100%25\",\"ppb_text_padding\":\"30\",\"ppb_text_bgcolor\":\"\",\"ppb_text_fontcolor\":\"\",\"ppb_text_custom_css\":\"padding-top:%2010px%20!important;\",\"ppb_text_content\":\"%3Cstrong%3EGRAND%20RESTAURANT%20CENTER%3C\/strong%3E%3Cbr\/%3E%0A78\/31%20Third%20Street,%20LiverPool%3Cbr\/%3EKing%20Street,%20Kingston%20United%20Kingdom%0A%0A1.800.456.6756%0A%3Ca%20href=%22https:\/\/www.google.co.th\/maps\/dir\/51.511989,-0.0926872\/EAT+-+King+William,+85+King+William+Street,+London+EC4N+7BL\/@51.511989,-0.118136,14z\/data=!4m8!4m7!1m0!1m5!1m1!1s0x487603538044e19b:0x6617a1ea0a45367c!2m2!1d-0.088016!2d51.51242%22%3E%3Ci%20class=%22fa%20fa-map-marker%22%3E%3C\/i%3E\u00a0Get%20Directions%3C\/a%3E\"}"],"1433410096703_size":["one_fourth"],"1433410195040_data":["{\"id\":\"1433410195040\",\"shortcode\":\"ppb_text\",\"ppb_text_title\":\"Branch%203\",\"ppb_text_slug\":\"\",\"ppb_text_width\":\"100%25\",\"ppb_text_padding\":\"30\",\"ppb_text_bgcolor\":\"\",\"ppb_text_fontcolor\":\"\",\"ppb_text_custom_css\":\"padding-top:%2010px%20!important;\",\"ppb_text_content\":\"%3Cstrong%3EGRAND%20RESTAURANT%20ZEN%3C\/strong%3E%3Cbr\/%3E%0A78\/31%20Third%20Street,%20LiverPool%3Cbr\/%3EKing%20Street,%20Kingston%20United%20Kingdom%0A%0A1.800.456.6756%0A%3Ca%20href=%22https:\/\/www.google.co.th\/maps\/dir\/51.511989,-0.0926872\/EAT+-+King+William,+85+King+William+Street,+London+EC4N+7BL\/@51.511989,-0.118136,14z\/data=!4m8!4m7!1m0!1m5!1m1!1s0x487603538044e19b:0x6617a1ea0a45367c!2m2!1d-0.088016!2d51.51242%22%3E%3Ci%20class=%22fa%20fa-map-marker%22%3E%3C\/i%3E\u00a0Get%20Directions%3C\/a%3E\"}"],"1433410195040_size":["one_fourth"],"1433410228161_data":["{\"id\":\"1433410228161\",\"shortcode\":\"ppb_text\",\"ppb_text_title\":\"Branch%204\",\"ppb_text_slug\":\"\",\"ppb_text_width\":\"100%25\",\"ppb_text_padding\":\"30\",\"ppb_text_bgcolor\":\"\",\"ppb_text_fontcolor\":\"\",\"ppb_text_custom_css\":\"padding-top:%2010px%20!important;\",\"ppb_text_content\":\"%3Cstrong%3EGRAND%20RESTAURANT%20CENTER%3C\/strong%3E%3Cbr\/%3E%0A78\/31%20Third%20Street,%20LiverPool%3Cbr\/%3EKing%20Street,%20Kingston%20United%20Kingdom%0A%0A1.800.456.6756%0A%3Ca%20href=%22https:\/\/www.google.co.th\/maps\/dir\/51.511989,-0.0926872\/EAT+-+King+William,+85+King+William+Street,+London+EC4N+7BL\/@51.511989,-0.118136,14z\/data=!4m8!4m7!1m0!1m5!1m1!1s0x487603538044e19b:0x6617a1ea0a45367c!2m2!1d-0.088016!2d51.51242%22%3E%3Ci%20class=%22fa%20fa-map-marker%22%3E%3C\/i%3E\u00a0Get%20Directions%3C\/a%3E\"}"],"1433410228161_size":["one_fourth last"],"1433410606645_data":["{\"id\":1433410606645,\"shortcode\":\"ppb_divider\",\"ppb_text_title\":\"Paragraph Break\",\"ppb_text_content\":\"\",\"ppb_header_content\":\"\"}"],"1433410606645_size":["one"]}