{"ppb_form_data_order":["1433332466285,1433334252407,1433330153032,1433334138174,1433334186031"],"1433332466285_data":["{\"id\":\"1433332466285\",\"shortcode\":\"ppb_menu_classic\",\"ppb_menu_classic_title\":\"Signature%20Dishes\",\"ppb_menu_classic_slug\":\"\",\"ppb_menu_classic_width\":\"60%25\",\"ppb_menu_classic_menu_image\":\"yes\",\"ppb_menu_classic_columns\":\"1\",\"ppb_menu_classic_cat\":\"menu-of-the-day\",\"ppb_menu_classic_items\":\"4\",\"ppb_menu_classic_padding\":\"50\",\"ppb_menu_classic_custom_css\":\"\",\"ppb_menu_classic_content\":\"\"}"],"1433332466285_size":["one"],"1433334252407_data":["{\"id\":\"1433334252407\",\"shortcode\":\"ppb_image_parallax\",\"ppb_image_parallax_title\":\"Parallax\",\"ppb_image_parallax_slug\":\"\",\"ppb_image_parallax_image\":\"http:\/\/themes.themegoods2.com\/grandrestaurant3\/wp-content\/uploads\/2015\/04\/Mark_Lobo_Photography-Melbourne-Jam_Jar1.jpg\",\"ppb_image_parallax_height\":\"60\",\"ppb_image_parallax_display_title\":\"0\",\"ppb_image_parallax_custom_css\":\"\"}"],"1433334252407_size":["one"],"1433330153032_data":["{\"id\":\"1433330153032\",\"shortcode\":\"ppb_menu_classic\",\"ppb_menu_classic_title\":\"Main%20Courses\",\"ppb_menu_classic_slug\":\"\",\"ppb_menu_classic_width\":\"100%25\",\"ppb_menu_classic_menu_image\":\"\",\"ppb_menu_classic_columns\":\"2\",\"ppb_menu_classic_cat\":\"\",\"ppb_menu_classic_items\":\"8\",\"ppb_menu_classic_padding\":\"50\",\"ppb_menu_classic_custom_css\":\"\",\"ppb_menu_classic_content\":\"\"}"],"1433330153032_size":["one"],"1433334138174_data":["{\"id\":\"1433334138174\",\"shortcode\":\"ppb_image_parallax\",\"ppb_image_parallax_title\":\"Parallax\",\"ppb_image_parallax_slug\":\"\",\"ppb_image_parallax_image\":\"http:\/\/themes.themegoods2.com\/grandrestaurant3\/wp-content\/uploads\/2015\/03\/164606-13016551-NOHM_43485_jpg.jpg\",\"ppb_image_parallax_height\":\"60\",\"ppb_image_parallax_display_title\":\"0\",\"ppb_image_parallax_custom_css\":\"\"}"],"1433334138174_size":["one"],"1433334186031_data":["{\"id\":\"1433334186031\",\"shortcode\":\"ppb_menu_classic\",\"ppb_menu_classic_title\":\"Lunch%20Time\",\"ppb_menu_classic_slug\":\"\",\"ppb_menu_classic_width\":\"100%25\",\"ppb_menu_classic_menu_image\":\"\",\"ppb_menu_classic_columns\":\"3\",\"ppb_menu_classic_cat\":\"\",\"ppb_menu_classic_items\":\"15\",\"ppb_menu_classic_padding\":\"50\",\"ppb_menu_classic_custom_css\":\"\",\"ppb_menu_classic_content\":\"\"}"],"1433334186031_size":["one"]}