{"ppb_form_data_order":["1433742418302,1433742459150,1433742531309,1433742554069,1433742694559,1433742592486,1433742640625"],"1433742418302_data":["{\"id\":\"1433742418302\",\"shortcode\":\"ppb_text\",\"ppb_text_title\":\"Tagline\",\"ppb_text_slug\":\"\",\"ppb_text_width\":\"60%25\",\"ppb_text_padding\":\"50\",\"ppb_text_bgcolor\":\"\",\"ppb_text_fontcolor\":\"\",\"ppb_text_custom_css\":\"text-align:center;\",\"ppb_text_content\":\"%3Cdiv%20style=%22font-size:30px;text-transform:uppercase;letter-spacing:-1px;font-weight:300;%22%3EUntil%20I%20discovered%20cooking%20I%20was%20never%20really%20interested%20in%20anything%3C\/div%3E%0A%3Cdiv%20class=%22post_detail%22%3EOur%20Founder%20John%20Phillipe%3C\/div%3E%0A%3Cspan%20style=%22font-family:Kristi;font-size:40px;font-weight:600;%22%3EJohn%20Phillipe%3C\/span%3E\"}"],"1433742418302_size":["one"],"1433742459150_data":["{\"id\":\"1433742459150\",\"shortcode\":\"ppb_team_column\",\"ppb_team_column_title\":\"Our%20Chiefs\",\"ppb_team_column_slug\":\"\",\"ppb_team_column_cat\":\"\",\"ppb_team_column_columns\":\"3\",\"ppb_team_column_order\":\"default\",\"ppb_team_column_items\":\"3\",\"ppb_team_column_padding\":\"30\",\"ppb_team_column_bgcolor\":\"\",\"ppb_team_column_fontcolor\":\"\",\"ppb_team_column_custom_css\":\"padding-top:%200%20!important;\"}"],"1433742459150_size":["one"],"1433742531309_data":["{\"id\":\"1433742531309\",\"shortcode\":\"ppb_image_parallax\",\"ppb_image_parallax_title\":\"Chief%20Recommended\",\"ppb_image_parallax_slug\":\"\",\"ppb_image_parallax_image\":\"http:\/\/themes.themegoods2.com\/grandrestaurant\/wp-content\/uploads\/2015\/05\/223_1r140806_eat_spots_sobanndls.jpg\",\"ppb_image_parallax_height\":\"60\",\"ppb_image_parallax_display_title\":\"1\",\"ppb_image_parallax_custom_css\":\"\"}"],"1433742531309_size":["one"],"1433742554069_data":["{\"id\":\"1433742554069\",\"shortcode\":\"ppb_menu_grid\",\"ppb_menu_grid_title\":\"Menus\",\"ppb_menu_grid_slug\":\"\",\"ppb_menu_grid_cat\":\"with-picture\",\"ppb_menu_grid_items\":\"8\",\"ppb_menu_grid_padding\":\"0\",\"ppb_menu_grid_custom_css\":\"\"}"],"1433742554069_size":["one"],"1433742694559_data":["{\"id\":\"1433742694559\",\"shortcode\":\"ppb_gallery_slider\",\"ppb_gallery_slider_title\":\"Restaurant%20Gallery\",\"ppb_gallery_slider_slug\":\"\",\"ppb_gallery_slider_gallery\":\"3437\",\"ppb_gallery_slider_height\":\"600\",\"ppb_gallery_slider_autoplay\":\"1\",\"ppb_gallery_slider_timer\":\"5\",\"ppb_gallery_slider_caption\":\"0\",\"ppb_gallery_slider_padding\":\"0\",\"ppb_gallery_slider_custom_css\":\"\"}"],"1433742694559_size":["one"],"1433742592486_data":["{\"id\":\"1433742592486\",\"shortcode\":\"ppb_header\",\"ppb_header_title\":\"Make%20Reservation\",\"ppb_header_slug\":\"\",\"ppb_header_subtitle\":\"\",\"ppb_header_width\":\"100%25\",\"ppb_header_textalign\":\"center\",\"ppb_header_padding\":\"30\",\"ppb_header_bgcolor\":\"\",\"ppb_header_fontcolor\":\"\",\"ppb_header_custom_css\":\"\",\"ppb_header_content\":\"\"}"],"1433742592486_size":["one"],"1433742640625_data":["{\"id\":\"1433742640625\",\"shortcode\":\"ppb_open_table\",\"ppb_open_table_title\":\"Reservation%20Form\",\"ppb_open_table_slug\":\"\",\"ppb_open_table_width\":\"100%25\",\"ppb_open_table_open_table_id\":\"\",\"ppb_open_table_padding\":\"50\",\"ppb_open_table_custom_css\":\"padding-top:%200%20!important;\",\"ppb_open_table_content\":\"Reservation%20Form%20Powered%20by%20OpenTable%3Cbr%3E1.800.456.6743%20%E2%80%93%20contact@grandrestaurant.com%3Cbr%3E%3Cbr%3E\"}"],"1433742640625_size":["one"]}