{"ppb_form_data_order":["1433739493616,1433739724111,1433740366620,1433739611528,1433740372458,1433428089727,1433428107918,1433428128382,1433428142613,1433740610442,1433740642268"],"1433739493616_data":["{\"id\":\"1433739493616\",\"shortcode\":\"ppb_card_two_cols_with_image\",\"ppb_card_two_cols_with_image_title\":\"Our%20Philosophy\",\"ppb_card_two_cols_with_image_slug\":\"\",\"ppb_card_two_cols_with_image_subtitle\":\"\",\"ppb_card_two_cols_with_image_image\":\"http:\/\/themes.themegoods2.com\/grandrestaurant\/wp-content\/uploads\/2015\/05\/about.jpg\",\"ppb_card_two_cols_with_image_image_width\":\"65\",\"ppb_card_two_cols_with_image_align\":\"right\",\"ppb_card_two_cols_with_image_content_width\":\"40\",\"ppb_card_two_cols_with_image_padding\":\"50\",\"ppb_card_two_cols_with_image_bgcolor\":\"\",\"ppb_card_two_cols_with_image_fontcolor\":\"\",\"ppb_card_two_cols_with_image_custom_css\":\"\",\"ppb_card_two_cols_with_image_content\":\"Sed%20ut%20perspiciatis%20unde%20omnis%20iste%20natus%20error%20sit%20voluptatem%20accusantium%20doloremque%20laudantium,%20totam%20rem%20aperiam,%20eaque%20ipsa%20quae%20ab%20illo%20inventore%20veritatis%20et%20quasi%20architecto%20beatae%20vitae%20dicta%20sunt%20explicabo.%20Nemo%20enim%20ipsam%20voluptatem%20quia%20voluptas%20sit%20aspernatur%20aut%20odit%20aut%0A%0A%3Cspan%20style=%22font-family:Kristi;font-size:40px;font-weight:600;%22%3EJohn%20Phillipe%3C\/span%3E\"}"],"1433739493616_size":["one"],"1433739724111_data":["{\"id\":\"1433739724111\",\"shortcode\":\"ppb_card_two_cols_with_image\",\"ppb_card_two_cols_with_image_title\":\"Dining%20Experience\",\"ppb_card_two_cols_with_image_slug\":\"\",\"ppb_card_two_cols_with_image_subtitle\":\"Ultimate%20Dining%20Experience%20like%20no%20other.%20Our%20modern%20fusion%20cuisine\",\"ppb_card_two_cols_with_image_image\":\"http:\/\/themes.themegoods2.com\/grandrestaurant\/wp-content\/uploads\/2015\/06\/food_grid.png\",\"ppb_card_two_cols_with_image_image_width\":\"65\",\"ppb_card_two_cols_with_image_align\":\"left\",\"ppb_card_two_cols_with_image_content_width\":\"40\",\"ppb_card_two_cols_with_image_padding\":\"50\",\"ppb_card_two_cols_with_image_bgcolor\":\"\",\"ppb_card_two_cols_with_image_fontcolor\":\"\",\"ppb_card_two_cols_with_image_custom_css\":\"\",\"ppb_card_two_cols_with_image_content\":\"Lorem%20ipsum%20dolor%20sit%20amet,%20consectetur%20adipisicing%20elit,%20sed%20do%20eiusmod%20tempor%20incididunt%20ut%20labore%20et%20dolore%20magna%20aliqua.%20Ut%20enim%20ad%20minim%20veniam,%20quis%20nostrud%20exercitation%20ullamco%20laboris%20nisi%20ut%20aliquip%20ex%20ea%20commodo%20consequat.%20Duis%20aute%20irure%20dolor%20in%20reprehenderit%20in%20voluptate%20velit%20esse%20cillum%20dolore%20eu%20fugiat%20nulla%20pariatur.\"}"],"1433739724111_size":["one"],"1433740366620_data":["{\"id\":1433740366620,\"shortcode\":\"ppb_divider\",\"ppb_text_title\":\"Paragraph Break\",\"ppb_text_content\":\"\",\"ppb_header_content\":\"\"}"],"1433740366620_size":["one"],"1433739611528_data":["{\"id\":\"1433739611528\",\"shortcode\":\"ppb_testimonial_slider\",\"ppb_testimonial_slider_title\":\"Testimonials\",\"ppb_testimonial_slider_slug\":\"\",\"ppb_testimonial_slider_cat\":\"\",\"ppb_testimonial_slider_items\":\"3\",\"ppb_testimonial_slider_bgcolor\":\"\",\"ppb_testimonial_slider_fontcolor\":\"#ffffff\",\"ppb_testimonial_slider_background\":\"http:\/\/themes.themegoods2.com\/grandrestaurant\/wp-content\/uploads\/2015\/05\/stacks_image_2681.jpg\",\"ppb_testimonial_slider_custom_css\":\"\"}"],"1433739611528_size":["one"],"1433740372458_data":["{\"id\":\"1433740372458\",\"shortcode\":\"ppb_header\",\"ppb_header_title\":\"Restaurant%20Branches\",\"ppb_header_slug\":\"\",\"ppb_header_subtitle\":\"\",\"ppb_header_width\":\"100%25\",\"ppb_header_textalign\":\"center\",\"ppb_header_padding\":\"30\",\"ppb_header_bgcolor\":\"\",\"ppb_header_fontcolor\":\"\",\"ppb_header_custom_css\":\"padding-bottom:%200%20!important;\",\"ppb_header_content\":\"\"}"],"1433740372458_size":["one"],"1433428089727_data":["{\"id\":\"1433428089727\",\"shortcode\":\"ppb_text\",\"ppb_text_title\":\"Branch%201\",\"ppb_text_slug\":\"\",\"ppb_text_width\":\"100%25\",\"ppb_text_padding\":\"30\",\"ppb_text_bgcolor\":\"\",\"ppb_text_fontcolor\":\"\",\"ppb_text_custom_css\":\"\",\"ppb_text_content\":\"%3Cstrong%3EGRAND%20RESTAURANT%20PARAGON%3C\/strong%3E%3Cbr\/%3E%0A732\/21%20Second%20Street,%20Manchester%3Cbr\/%3EKing%20Street,%20Kingston%20United%20Kingdom%0A%0A1.800.456.6743%0A%3Ca%20href=%22https:\/\/www.google.co.th\/maps\/dir\/51.511989,-0.0926872\/EAT+-+King+William,+85+King+William+Street,+London+EC4N+7BL\/@51.511989,-0.118136,14z\/data=!4m8!4m7!1m0!1m5!1m1!1s0x487603538044e19b:0x6617a1ea0a45367c!2m2!1d-0.088016!2d51.51242%22%3E%3Ci%20class=%22fa%20fa-map-marker%22%3E%3C\/i%3E%C2%A0Get%20Directions%3C\/a%3E\"}"],"1433428089727_size":["one_fourth"],"1433428107918_data":["{\"id\":\"1433428107918\",\"shortcode\":\"ppb_text\",\"ppb_text_title\":\"Branch%202\",\"ppb_text_slug\":\"\",\"ppb_text_width\":\"100%25\",\"ppb_text_padding\":\"30\",\"ppb_text_bgcolor\":\"\",\"ppb_text_fontcolor\":\"\",\"ppb_text_custom_css\":\"\",\"ppb_text_content\":\"%3Cstrong%3EGRAND%20RESTAURANT%20CENTER%3C\/strong%3E%3Cbr\/%3E%0A78\/31%20Third%20Street,%20LiverPool%3Cbr\/%3EKing%20Street,%20Kingston%20United%20Kingdom%0A%0A1.800.456.6756%0A%3Ca%20href=%22https:\/\/www.google.co.th\/maps\/dir\/51.511989,-0.0926872\/EAT+-+King+William,+85+King+William+Street,+London+EC4N+7BL\/@51.511989,-0.118136,14z\/data=!4m8!4m7!1m0!1m5!1m1!1s0x487603538044e19b:0x6617a1ea0a45367c!2m2!1d-0.088016!2d51.51242%22%3E%3Ci%20class=%22fa%20fa-map-marker%22%3E%3C\/i%3E%C2%A0Get%20Directions%3C\/a%3E\"}"],"1433428107918_size":["one_fourth"],"1433428128382_data":["{\"id\":\"1433428128382\",\"shortcode\":\"ppb_text\",\"ppb_text_title\":\"Branch%203\",\"ppb_text_slug\":\"\",\"ppb_text_width\":\"100%25\",\"ppb_text_padding\":\"30\",\"ppb_text_bgcolor\":\"\",\"ppb_text_fontcolor\":\"\",\"ppb_text_custom_css\":\"\",\"ppb_text_content\":\"%3Cstrong%3EGRAND%20RESTAURANT%20ZEN%3C\/strong%3E%3Cbr\/%3E%0A78\/31%20Third%20Street,%20LiverPool%3Cbr\/%3EKing%20Street,%20Kingston%20United%20Kingdom%0A%0A1.800.456.6756%0A%3Ca%20href=%22https:\/\/www.google.co.th\/maps\/dir\/51.511989,-0.0926872\/EAT+-+King+William,+85+King+William+Street,+London+EC4N+7BL\/@51.511989,-0.118136,14z\/data=!4m8!4m7!1m0!1m5!1m1!1s0x487603538044e19b:0x6617a1ea0a45367c!2m2!1d-0.088016!2d51.51242%22%3E%3Ci%20class=%22fa%20fa-map-marker%22%3E%3C\/i%3E%C2%A0Get%20Directions%3C\/a%3E\"}"],"1433428128382_size":["one_fourth"],"1433428142613_data":["{\"id\":\"1433428142613\",\"shortcode\":\"ppb_text\",\"ppb_text_title\":\"Branch%204\",\"ppb_text_slug\":\"\",\"ppb_text_width\":\"100%25\",\"ppb_text_padding\":\"30\",\"ppb_text_bgcolor\":\"\",\"ppb_text_fontcolor\":\"\",\"ppb_text_custom_css\":\"\",\"ppb_text_content\":\"%3Cstrong%3EGRAND%20RESTAURANT%20CENTER%3C\/strong%3E%3Cbr\/%3E%0A78\/31%20Third%20Street,%20LiverPool%3Cbr\/%3EKing%20Street,%20Kingston%20United%20Kingdom%0A%0A1.800.456.6756%0A%3Ca%20href=%22https:\/\/www.google.co.th\/maps\/dir\/51.511989,-0.0926872\/EAT+-+King+William,+85+King+William+Street,+London+EC4N+7BL\/@51.511989,-0.118136,14z\/data=!4m8!4m7!1m0!1m5!1m1!1s0x487603538044e19b:0x6617a1ea0a45367c!2m2!1d-0.088016!2d51.51242%22%3E%3Ci%20class=%22fa%20fa-map-marker%22%3E%3C\/i%3E%C2%A0Get%20Directions%3C\/a%3E\"}"],"1433428142613_size":["one_fourth last"],"1433740610442_data":["{\"id\":\"1433740610442\",\"shortcode\":\"ppb_image_parallax\",\"ppb_image_parallax_title\":\"Make%20Reservation\",\"ppb_image_parallax_slug\":\"\",\"ppb_image_parallax_image\":\"http:\/\/themes.themegoods2.com\/grandrestaurant\/wp-content\/uploads\/2015\/06\/Mistral-Restaurant-Amy-Roth-Photo.jpg\",\"ppb_image_parallax_height\":\"60\",\"ppb_image_parallax_display_title\":\"1\",\"ppb_image_parallax_custom_css\":\"\"}"],"1433740610442_size":["one"],"1433740642268_data":["{\"id\":\"1433740642268\",\"shortcode\":\"ppb_open_table\",\"ppb_open_table_title\":\"Reservation\",\"ppb_open_table_slug\":\"\",\"ppb_open_table_width\":\"100%25\",\"ppb_open_table_open_table_id\":\"100342\",\"ppb_open_table_padding\":\"50\",\"ppb_open_table_custom_css\":\"padding-top:%2030px%20!important;\",\"ppb_open_table_content\":\"Reservation%20Form%20Powered%20by%20OpenTable%3Cbr\/%3E1.800.456.6743%20%E2%80%93%20contact@grandrestaurant.com%3Cbr\/%3E%3Cbr\/%3E\"}"],"1433740642268_size":["one"]}