{"ppb_form_data_order":["1433744041516,1433744648051,1433744411002,1433744959836"],"1433744041516_data":["{\"id\":\"1433744041516\",\"shortcode\":\"ppb_card_two_cols_with_image\",\"ppb_card_two_cols_with_image_title\":\"Food%20Delivery\",\"ppb_card_two_cols_with_image_slug\":\"\",\"ppb_card_two_cols_with_image_subtitle\":\"\",\"ppb_card_two_cols_with_image_image\":\"http:\/\/themes.themegoods2.com\/grandrestaurant\/wp-content\/uploads\/2015\/06\/delivery.jpg\",\"ppb_card_two_cols_with_image_image_width\":\"65\",\"ppb_card_two_cols_with_image_align\":\"right\",\"ppb_card_two_cols_with_image_content_width\":\"40\",\"ppb_card_two_cols_with_image_padding\":\"40\",\"ppb_card_two_cols_with_image_bgcolor\":\"\",\"ppb_card_two_cols_with_image_fontcolor\":\"\",\"ppb_card_two_cols_with_image_custom_css\":\"padding:%2050px%200%2050px%200%20!important;\",\"ppb_card_two_cols_with_image_content\":\"Donec%20elit%20libero,%20sodales%20nec,%20volutpat%20a,%20suscipit%20non,%20turpis.%20Nullam%20sagittis.%20Suspendisse%20pulvinar,%20augue%20ac%20venenatis%20condimentum,%20sem%20libero%20volutpat%20nibh,%20nec%20pellentesque%20velit%20pede%20quis%20nunc.%20Vestibulia%20Curae;%20Fusce%20id%20purus.%20Ut%20varius%20tincidunt%20libero.%20Phasellus%20dolor.%20Maecenas%20vestibulum%20mollis%0A%3Cbr\/%3E%3Cbr\/%3E%0A%3Ca%20href=%22#%22%20class=%22button%22%3EPlace%20an%20order%3C\/a%3E\"}"],"1433744041516_size":["one"],"1433744648051_data":["{\"id\":\"1433744648051\",\"shortcode\":\"ppb_text\",\"ppb_text_title\":\"Stats%20Counters\",\"ppb_text_slug\":\"\",\"ppb_text_width\":\"100%25\",\"ppb_text_padding\":\"30\",\"ppb_text_bgcolor\":\"\",\"ppb_text_fontcolor\":\"\",\"ppb_text_custom_css\":\"\",\"ppb_text_content\":\"%5Bone_fifth%20custom_css=%22padding:30px%2010px%2030px%2010px;%22%5D%0A%5Btg_animate_counter%20start%20=%220%22%20end=%2220%22%20fontsize=%2250%22%20count_subject=%22Years%20of%20Experience%22%5D%5B\/tg_animate_counter%5D%0A%5B\/one_fifth%5D%0A%5Bone_fifth%20custom_css=%22padding:30px%2010px%2030px%2010px;%22%5D%0A%5Btg_animate_counter%20start%20=%220%22%20end=%2212%22%20fontsize=%2250%22%20count_subject=%22Award%20Winning%20Chiefs%22%5D%5B\/tg_animate_counter%5D%0A%5B\/one_fifth%5D%0A%5Bone_fifth%20custom_css=%22padding:30px%2010px%2030px%2010px;%22%5D%0A%5Btg_animate_counter%20start%20=%220%22%20end=%2215500%22%20fontsize=%2250%22%20count_subject=%22Customers%20Served%22%5D%5B\/tg_animate_counter%5D%0A%5B\/one_fifth%5D%0A%5Bone_fifth%20custom_css=%22padding:30px%2010px%2030px%2010px;%22%5D%0A%5Btg_animate_counter%20start%20=%220%22%20end=%2285%22%20fontsize=%2250%22%20count_subject=%22Dishes%22%5D%5B\/tg_animate_counter%5D%0A%5B\/one_fifth%5D%0A%5Bone_fifth_last%20custom_css=%22padding:30px%2010px%2030px%2010px;%22%5D%0A%5Btg_animate_counter%20start%20=%220%22%20end=%2215%22%20fontsize=%2250%22%20count_subject=%22Awards%22%5D%5B\/tg_animate_counter%5D%0A%5B\/one_fifth_last%5D\"}"],"1433744648051_size":["one"],"1433744411002_data":["{\"id\":\"1433744411002\",\"shortcode\":\"ppb_content_half_bg\",\"ppb_content_half_bg_title\":\"Custom%20Catering\",\"ppb_content_half_bg_slug\":\"\",\"ppb_content_half_bg_subtitle\":\"\",\"ppb_content_half_bg_background\":\"http:\/\/themes.themegoods2.com\/grandrestaurant\/wp-content\/uploads\/2015\/06\/Mistral-Restaurant-Amy-Roth-Photo.jpg\",\"ppb_content_half_bg_background_position\":\"center\",\"ppb_content_half_bg_padding\":\"40\",\"ppb_content_half_bg_bgcolor\":\"#25252f\",\"ppb_content_half_bg_opacity\":\"95\",\"ppb_content_half_bg_fontcolor\":\"#ffffff\",\"ppb_content_half_bg_align\":\"right\",\"ppb_content_half_bg_custom_css\":\"\",\"ppb_content_half_bg_content\":\"Donec%20elit%20libero,%20sodales%20nec,%20volutpat%20a,%20suscipit%20non,%20turpis.%20Nullam%20sagittis.%20Suspendisse%20pulvinar,%20augue%20ac%20venenatis%20condimentum,%20sem%20libero%20volutpat%20nibh,%20nec%20pellentesque%20velit%20pede%20quis%20nunc.%20Vestibulia%20Curae;%20Fusce%20id%20purus.%20Ut%20varius%20tincidunt%20libero.%20Phasellus%20dolor.%20Maecenas%20vestibulum%20mollis%0A%0ALorem%20ipsum%20dolor%20sit%20amet,%20consectetuer%20adipiscing%20elit.%20Aenean%20commodo%20ligula%20eget%20dolor.%20Aenean%20massa.%20Cum%20sociis%20natoque%20penatibus%20et%20magnis%20dis%20parturient%20montes,%20nascetur%20ridiculus%20mus.%20Donec%20quam%20felis.\"}"],"1433744411002_size":["one"],"1433744959836_data":["{\"id\":\"1433744959836\",\"shortcode\":\"ppb_gallery_grid\",\"ppb_gallery_grid_title\":\"Gallery\",\"ppb_gallery_grid_slug\":\"\",\"ppb_gallery_grid_gallery_id\":\"2969\",\"ppb_gallery_grid_margin\":\"\"}"],"1433744959836_size":["one"]}