{"ppb_form_data_order":["1433754550883,1433754646102,1433754683104,1433754949150,1433754975594,1433755009232,1433755572129,1433755297604,1433755442945,1433755533305"],"1433754550883_data":["{\"id\":\"1433754550883\",\"shortcode\":\"ppb_revslider\",\"ppb_revslider_title\":\"Home\",\"ppb_revslider_slug\":\"home\",\"ppb_revslider_slider_id\":\"home1-slider\"}"],"1433754550883_size":["one"],"1433754646102_data":["{\"id\":\"1433754646102\",\"shortcode\":\"ppb_card_two_cols_with_image\",\"ppb_card_two_cols_with_image_title\":\"Discover%20Our%20Story\",\"ppb_card_two_cols_with_image_slug\":\"about\",\"ppb_card_two_cols_with_image_subtitle\":\"\",\"ppb_card_two_cols_with_image_image\":\"http:\/\/themes.themegoods2.com\/grandrestaurant\/wp-content\/uploads\/2015\/05\/about.jpg\",\"ppb_card_two_cols_with_image_image_width\":\"65\",\"ppb_card_two_cols_with_image_align\":\"right\",\"ppb_card_two_cols_with_image_content_width\":\"40\",\"ppb_card_two_cols_with_image_padding\":\"40\",\"ppb_card_two_cols_with_image_bgcolor\":\"\",\"ppb_card_two_cols_with_image_fontcolor\":\"\",\"ppb_card_two_cols_with_image_custom_css\":\"\",\"ppb_card_two_cols_with_image_content\":\"Sed%20ut%20perspiciatis%20unde%20omnis%20iste%20natus%20error%20sit%20voluptatem%20accusantium%20doloremque%20laudantium,%20totam%20rem%20aperiam,%20eaque%20ipsa%20quae%20ab%20illo%20inventore%20veritatis%20et%20quasi%20architecto%20beatae%20vitae%20dicta%20sunt%20explicabo.%20Nemo%20enim%20ipsam%20voluptatem%20quia%20voluptas%20sit%20aspernatur%20aut%20odit%20aut%0A%0A%3Cspan%20style=%22font-family:Kristi;font-size:40px;font-weight:600;%22%3EJohn%20Phillipe%3C\/span%3E\"}"],"1433754646102_size":["one"],"1433754683104_data":["{\"id\":\"1433754683104\",\"shortcode\":\"ppb_card_two_cols_with_image\",\"ppb_card_two_cols_with_image_title\":\"Dining%20Experience\",\"ppb_card_two_cols_with_image_slug\":\"\",\"ppb_card_two_cols_with_image_subtitle\":\"Ultimate%20Dining%20Experience%20like%20no%20other.%20Our%20modern%20fusion%20cuisine\",\"ppb_card_two_cols_with_image_image\":\"http:\/\/themes.themegoods2.com\/grandrestaurant\/wp-content\/uploads\/2015\/06\/food_grid.png\",\"ppb_card_two_cols_with_image_image_width\":\"65\",\"ppb_card_two_cols_with_image_align\":\"left\",\"ppb_card_two_cols_with_image_content_width\":\"40\",\"ppb_card_two_cols_with_image_padding\":\"40\",\"ppb_card_two_cols_with_image_bgcolor\":\"\",\"ppb_card_two_cols_with_image_fontcolor\":\"\",\"ppb_card_two_cols_with_image_custom_css\":\"\",\"ppb_card_two_cols_with_image_content\":\"Lorem%20ipsum%20dolor%20sit%20amet,%20consectetur%20adipisicing%20elit,%20sed%20do%20eiusmod%20tempor%20incididunt%20ut%20labore%20et%20dolore%20magna%20aliqua.%20Ut%20enim%20ad%20minim%20veniam,%20quis%20nostrud%20exercitation%20ullamco%20laboris%20nisi%20ut%20aliquip%20ex%20ea%20commodo%20consequat.%20Duis%20aute%20irure%20dolor%20in%20reprehenderit%20in%20voluptate%20velit%20esse%20cillum%20dolore%20eu%20fugiat%20nulla%20pariatur.\"}"],"1433754683104_size":["one"],"1433754949150_data":["{\"id\":\"1433754949150\",\"shortcode\":\"ppb_image_parallax\",\"ppb_image_parallax_title\":\"Our%20Menus\",\"ppb_image_parallax_slug\":\"menu\",\"ppb_image_parallax_image\":\"http:\/\/themes.themegoods2.com\/grandrestaurant\/wp-content\/uploads\/2015\/05\/223_1r140806_eat_spots_sobanndls.jpg\",\"ppb_image_parallax_height\":\"60\",\"ppb_image_parallax_display_title\":\"1\",\"ppb_image_parallax_custom_css\":\"\"}"],"1433754949150_size":["one"],"1433754975594_data":["{\"id\":\"1433754975594\",\"shortcode\":\"ppb_menu_grid\",\"ppb_menu_grid_title\":\"Menus%20Grid\",\"ppb_menu_grid_slug\":\"\",\"ppb_menu_grid_cat\":\"with-picture\",\"ppb_menu_grid_items\":\"8\",\"ppb_menu_grid_padding\":\"0\",\"ppb_menu_grid_custom_css\":\"\"}"],"1433754975594_size":["one"],"1433755009232_data":["{\"id\":\"1433755009232\",\"shortcode\":\"ppb_menu_classic\",\"ppb_menu_classic_title\":\"Lunch%20Sets\",\"ppb_menu_classic_slug\":\"\",\"ppb_menu_classic_width\":\"100%25\",\"ppb_menu_classic_menu_image\":\"\",\"ppb_menu_classic_columns\":\"2\",\"ppb_menu_classic_cat\":\"\",\"ppb_menu_classic_items\":\"8\",\"ppb_menu_classic_padding\":\"50\",\"ppb_menu_classic_custom_css\":\"\",\"ppb_menu_classic_content\":\"\"}"],"1433755009232_size":["one"],"1433755572129_data":["{\"id\":\"1433755572129\",\"shortcode\":\"ppb_gallery_slider\",\"ppb_gallery_slider_title\":\"Gallery\",\"ppb_gallery_slider_slug\":\"gallery\",\"ppb_gallery_slider_gallery\":\"3437\",\"ppb_gallery_slider_height\":\"600\",\"ppb_gallery_slider_autoplay\":\"1\",\"ppb_gallery_slider_timer\":\"5\",\"ppb_gallery_slider_caption\":\"0\",\"ppb_gallery_slider_padding\":\"0\",\"ppb_gallery_slider_custom_css\":\"\"}"],"1433755572129_size":["one"],"1433755297604_data":["{\"id\":\"1433755297604\",\"shortcode\":\"ppb_map_content\",\"ppb_map_content_title\":\"Branch%20Paragon\",\"ppb_map_content_slug\":\"findus\",\"ppb_map_content_subtitle\":\"\",\"ppb_map_content_type\":\"ROADMAP\",\"ppb_map_content_map_width\":\"65\",\"ppb_map_content_map_height\":\"500\",\"ppb_map_content_lat\":\"51.508823\",\"ppb_map_content_long\":\"-0.127802\",\"ppb_map_content_zoom\":\"16\",\"ppb_map_content_popup\":\"\",\"ppb_map_content_marker\":\"http:\/\/themes.themegoods2.com\/grandrestaurant\/wp-content\/uploads\/2015\/06\/marker.png\",\"ppb_map_content_align\":\"left\",\"ppb_map_content_content_width\":\"40\",\"ppb_map_content_padding\":\"40\",\"ppb_map_content_bgcolor\":\"#25252f\",\"ppb_map_content_fontcolor\":\"#ffffff\",\"ppb_map_content_custom_css\":\"padding-top:%2050px%20!important;\",\"ppb_map_content_content\":\"%3Cstrong%3EGRAND%20RESTAURANT%20PARAGON%3C\/strong%3E%3Cbr\/%3E%0A732\/21%20Second%20Street,%20Manchester%3Cbr\/%3EKing%20Street,%20Kingston%20United%20Kingdom%0A%0A1.800.456.6743\"}"],"1433755297604_size":["one"],"1433755442945_data":["{\"id\":\"1433755442945\",\"shortcode\":\"ppb_open_table\",\"ppb_open_table_title\":\"Reservation%20Form\",\"ppb_open_table_slug\":\"\",\"ppb_open_table_width\":\"100%25\",\"ppb_open_table_open_table_id\":\"100342\",\"ppb_open_table_padding\":\"30\",\"ppb_open_table_custom_css\":\"padding-top:%2010px%20!important;\",\"ppb_open_table_content\":\"Reservation%20Form%20Powered%20by%20OpenTable%3Cbr\/%3E1.800.456.6743%20%E2%80%93%20contact@grandrestaurant.com%3Cbr\/%3E%3Cbr\/%3E\"}"],"1433755442945_size":["one"],"1433755533305_data":["{\"id\":1433755533305,\"shortcode\":\"ppb_divider\",\"ppb_text_title\":\"Paragraph Break\",\"ppb_text_content\":\"\",\"ppb_header_content\":\"\"}"],"1433755533305_size":["one"]}