{"ppb_form_data_order":["1433911402840,1433911675452,1433911752188,1433911855556,1433912001963,1433912343944,1433912168093,1433912144445"],"1433911402840_data":["{\"id\":\"1433911402840\",\"shortcode\":\"ppb_revslider\",\"ppb_revslider_title\":\"Cover\",\"ppb_revslider_slug\":\"\",\"ppb_revslider_slider_id\":\"home5-slider\"}"],"1433911402840_size":["one"],"1433911675452_data":["{\"id\":\"1433911675452\",\"shortcode\":\"ppb_card_two_cols_with_image\",\"ppb_card_two_cols_with_image_title\":\"Know%20About%20Us\",\"ppb_card_two_cols_with_image_slug\":\"\",\"ppb_card_two_cols_with_image_subtitle\":\"Ultimate%20dining%20experience%20like%20no%20others\",\"ppb_card_two_cols_with_image_image\":\"http:\/\/themes.themegoods2.com\/grandrestaurant\/wp-content\/uploads\/2015\/05\/about.jpg\",\"ppb_card_two_cols_with_image_image_width\":\"65\",\"ppb_card_two_cols_with_image_align\":\"left\",\"ppb_card_two_cols_with_image_content_width\":\"40\",\"ppb_card_two_cols_with_image_padding\":\"40\",\"ppb_card_two_cols_with_image_bgcolor\":\"#ffffff\",\"ppb_card_two_cols_with_image_fontcolor\":\"\",\"ppb_card_two_cols_with_image_custom_css\":\"padding:%2070px%200%2070px%200%20!important;\",\"ppb_card_two_cols_with_image_content\":\"Sed%20ut%20perspiciatis%20unde%20omnis%20iste%20natus%20error%20sit%20voluptatem%20accusantium%20doloremque%20laudantium,%20totam%20rem%20aperiam,%20eaque%20ipsa%20quae%20ab%20illo%20inventore%20veritatis%20et%20quasi.%20Exercitation%20photo%20booth%20stumptown%20tote%20bag%20Banksy,%20elit%20small%20batch%20freegan%20sed.%20Craft%20beer%20elit%20seitan%20exercitation,%20photo%20booth%20et%208-bit%20kale%20chips%20proident%20chillwave%20deep%20v%20laborum.%20Aliquip%20veniam%20delectus,%20Marfa%20eiusmod%20Pinterest%20in%20do%20umami%20readymade.\"}"],"1433911675452_size":["one"],"1433911752188_data":["{\"id\":\"1433911752188\",\"shortcode\":\"ppb_menu_with_image\",\"ppb_menu_with_image_title\":\"Sinature%20Dishes\",\"ppb_menu_with_image_slug\":\"\",\"ppb_menu_with_image_subtitle\":\"\",\"ppb_menu_with_image_image\":\"http:\/\/themes.themegoods2.com\/grandrestaurant\/wp-content\/uploads\/2015\/06\/food_grid.png\",\"ppb_menu_with_image_image_width\":\"65\",\"ppb_menu_with_image_align\":\"right\",\"ppb_menu_with_image_cat\":\"\",\"ppb_menu_with_image_items\":\"4\",\"ppb_menu_with_image_content_width\":\"40\",\"ppb_menu_with_image_padding\":\"40\",\"ppb_menu_with_image_bgcolor\":\"#ffffff\",\"ppb_menu_with_image_custom_css\":\"\"}"],"1433911752188_size":["one"],"1433911855556_data":["{\"id\":\"1433911855556\",\"shortcode\":\"ppb_menu_with_image_fullwidth\",\"ppb_menu_with_image_fullwidth_title\":\"Lunch%20Set\",\"ppb_menu_with_image_fullwidth_slug\":\"\",\"ppb_menu_with_image_fullwidth_subtitle\":\"\",\"ppb_menu_with_image_fullwidth_image\":\"http:\/\/themes.themegoods2.com\/grandrestaurant\/wp-content\/uploads\/2015\/05\/italian-food-background.jpg\",\"ppb_menu_with_image_fullwidth_image_height\":\"600\",\"ppb_menu_with_image_fullwidth_cat\":\"\",\"ppb_menu_with_image_fullwidth_items\":\"4\",\"ppb_menu_with_image_fullwidth_content_width\":\"40\",\"ppb_menu_with_image_fullwidth_content_align\":\"center\",\"ppb_menu_with_image_fullwidth_padding\":\"40\",\"ppb_menu_with_image_fullwidth_bgcolor\":\"\",\"ppb_menu_with_image_fullwidth_fontcolor\":\"\",\"ppb_menu_with_image_fullwidth_custom_css\":\"padding:%2070px%200%2070px%200%20!important;\"}"],"1433911855556_size":["one"],"1433912001963_data":["{\"id\":\"1433912001963\",\"shortcode\":\"ppb_contact_parallax\",\"ppb_contact_parallax_title\":\"Contacts\",\"ppb_contact_parallax_slug\":\"\",\"ppb_contact_parallax_subtitle\":\"\",\"ppb_contact_parallax_image\":\"http:\/\/themes.themegoods2.com\/grandrestaurant\/wp-content\/uploads\/2015\/04\/3250_1a_c_photography_restaurants___food_port_13_2.jpg\",\"ppb_contact_parallax_image_width\":\"65\",\"ppb_contact_parallax_align\":\"left\",\"ppb_contact_parallax_content_width\":\"40\",\"ppb_contact_parallax_padding\":\"40\",\"ppb_contact_parallax_bgcolor\":\"#ffffff\",\"ppb_contact_parallax_custom_css\":\"\",\"ppb_contact_parallax_content\":\"1.800.456.6743%20-%20contact@grandrestaurant.com%0A%3Cstrong%3EFor%20booking,%20please%20use%20reservation%20form%20(on%20the%20top%20right)%3C\/strong%3E\"}"],"1433912001963_size":["one"],"1433912343944_data":["{\"id\":\"1433912343944\",\"shortcode\":\"ppb_map_content\",\"ppb_map_content_title\":\"Branch%20Center\",\"ppb_map_content_slug\":\"\",\"ppb_map_content_subtitle\":\"\",\"ppb_map_content_type\":\"ROADMAP\",\"ppb_map_content_map_width\":\"65\",\"ppb_map_content_map_height\":\"500\",\"ppb_map_content_lat\":\"51.505274\",\"ppb_map_content_long\":\"-0.135673\",\"ppb_map_content_zoom\":\"16\",\"ppb_map_content_popup\":\"\",\"ppb_map_content_marker\":\"http:\/\/themes.themegoods2.com\/grandrestaurant\/wp-content\/uploads\/2015\/06\/marker.png\",\"ppb_map_content_align\":\"right\",\"ppb_map_content_content_width\":\"40\",\"ppb_map_content_padding\":\"40\",\"ppb_map_content_bgcolor\":\"#25252f\",\"ppb_map_content_fontcolor\":\"#ffffff\",\"ppb_map_content_custom_css\":\"padding:%2070px%200%2070px%200%20!important;\",\"ppb_map_content_content\":\"%3Cstrong%3EGRAND%20RESTAURANT%20CENTER%3C\/strong%3E%3Cbr\/%3E%0A78\/31%20Third%20Street,%20LiverPool%3Cbr\/%3EKing%20Street,%20Kingston%20United%20Kingdom%0A%0A1.800.456.6756\"}"],"1433912343944_size":["one"],"1433912168093_data":["{\"id\":\"1433912168093\",\"shortcode\":\"ppb_header\",\"ppb_header_title\":\"Image%20Gallery\",\"ppb_header_slug\":\"\",\"ppb_header_subtitle\":\"\",\"ppb_header_width\":\"100%25\",\"ppb_header_textalign\":\"center\",\"ppb_header_padding\":\"50\",\"ppb_header_bgcolor\":\"\",\"ppb_header_fontcolor\":\"\",\"ppb_header_custom_css\":\"padding-bottom:%2030px%20!important;\",\"ppb_header_content\":\"\"}"],"1433912168093_size":["one"],"1433912144445_data":["{\"id\":\"1433912144445\",\"shortcode\":\"ppb_gallery_grid\",\"ppb_gallery_grid_title\":\"Gallery\",\"ppb_gallery_grid_slug\":\"\",\"ppb_gallery_grid_gallery_id\":\"2969\",\"ppb_gallery_grid_margin\":\"true\"}"],"1433912144445_size":["one"]}