{"ppb_form_data_order":["1433428089727,1433428107918,1433428128382,1433428142613,1433407823664,1433407651876"],"1433428089727_data":["{\"id\":\"1433428089727\",\"shortcode\":\"ppb_text\",\"ppb_text_title\":\"Branch%201\",\"ppb_text_slug\":\"\",\"ppb_text_width\":\"100%25\",\"ppb_text_padding\":\"50\",\"ppb_text_bgcolor\":\"\",\"ppb_text_fontcolor\":\"\",\"ppb_text_custom_css\":\"\",\"ppb_text_content\":\"%3Cstrong%3EGRAND%20RESTAURANT%20PARAGON%3C\/strong%3E%3Cbr\/%3E%0A732\/21%20Second%20Street,%20Manchester%3Cbr\/%3EKing%20Street,%20Kingston%20United%20Kingdom%0A%0A1.800.456.6743%0A%3Ca%20href=%22https:\/\/www.google.co.th\/maps\/dir\/51.511989,-0.0926872\/EAT+-+King+William,+85+King+William+Street,+London+EC4N+7BL\/@51.511989,-0.118136,14z\/data=!4m8!4m7!1m0!1m5!1m1!1s0x487603538044e19b:0x6617a1ea0a45367c!2m2!1d-0.088016!2d51.51242%22%3E%3Ci%20class=%22fa%20fa-map-marker%22%3E%3C\/i%3E%C2%A0Get%20Directions%3C\/a%3E\"}"],"1433428089727_size":["one_fourth"],"1433428107918_data":["{\"id\":\"1433428107918\",\"shortcode\":\"ppb_text\",\"ppb_text_title\":\"Branch%202\",\"ppb_text_slug\":\"\",\"ppb_text_width\":\"100%25\",\"ppb_text_padding\":\"50\",\"ppb_text_bgcolor\":\"\",\"ppb_text_fontcolor\":\"\",\"ppb_text_custom_css\":\"\",\"ppb_text_content\":\"%3Cstrong%3EGRAND%20RESTAURANT%20CENTER%3C\/strong%3E%3Cbr\/%3E%0A78\/31%20Third%20Street,%20LiverPool%3Cbr\/%3EKing%20Street,%20Kingston%20United%20Kingdom%0A%0A1.800.456.6756%0A%3Ca%20href=%22https:\/\/www.google.co.th\/maps\/dir\/51.511989,-0.0926872\/EAT+-+King+William,+85+King+William+Street,+London+EC4N+7BL\/@51.511989,-0.118136,14z\/data=!4m8!4m7!1m0!1m5!1m1!1s0x487603538044e19b:0x6617a1ea0a45367c!2m2!1d-0.088016!2d51.51242%22%3E%3Ci%20class=%22fa%20fa-map-marker%22%3E%3C\/i%3E%C2%A0Get%20Directions%3C\/a%3E\"}"],"1433428107918_size":["one_fourth"],"1433428128382_data":["{\"id\":\"1433428128382\",\"shortcode\":\"ppb_text\",\"ppb_text_title\":\"Branch%203\",\"ppb_text_slug\":\"\",\"ppb_text_width\":\"100%25\",\"ppb_text_padding\":\"50\",\"ppb_text_bgcolor\":\"\",\"ppb_text_fontcolor\":\"\",\"ppb_text_custom_css\":\"\",\"ppb_text_content\":\"%3Cstrong%3EGRAND%20RESTAURANT%20ZEN%3C\/strong%3E%3Cbr\/%3E%0A78\/31%20Third%20Street,%20LiverPool%3Cbr\/%3EKing%20Street,%20Kingston%20United%20Kingdom%0A%0A1.800.456.6756%0A%3Ca%20href=%22https:\/\/www.google.co.th\/maps\/dir\/51.511989,-0.0926872\/EAT+-+King+William,+85+King+William+Street,+London+EC4N+7BL\/@51.511989,-0.118136,14z\/data=!4m8!4m7!1m0!1m5!1m1!1s0x487603538044e19b:0x6617a1ea0a45367c!2m2!1d-0.088016!2d51.51242%22%3E%3Ci%20class=%22fa%20fa-map-marker%22%3E%3C\/i%3E%C2%A0Get%20Directions%3C\/a%3E\"}"],"1433428128382_size":["one_fourth"],"1433428142613_data":["{\"id\":\"1433428142613\",\"shortcode\":\"ppb_text\",\"ppb_text_title\":\"Branch%204\",\"ppb_text_slug\":\"\",\"ppb_text_width\":\"100%25\",\"ppb_text_padding\":\"50\",\"ppb_text_bgcolor\":\"\",\"ppb_text_fontcolor\":\"\",\"ppb_text_custom_css\":\"\",\"ppb_text_content\":\"%3Cstrong%3EGRAND%20RESTAURANT%20CENTER%3C\/strong%3E%3Cbr\/%3E%0A78\/31%20Third%20Street,%20LiverPool%3Cbr\/%3EKing%20Street,%20Kingston%20United%20Kingdom%0A%0A1.800.456.6756%0A%3Ca%20href=%22https:\/\/www.google.co.th\/maps\/dir\/51.511989,-0.0926872\/EAT+-+King+William,+85+King+William+Street,+London+EC4N+7BL\/@51.511989,-0.118136,14z\/data=!4m8!4m7!1m0!1m5!1m1!1s0x487603538044e19b:0x6617a1ea0a45367c!2m2!1d-0.088016!2d51.51242%22%3E%3Ci%20class=%22fa%20fa-map-marker%22%3E%3C\/i%3E%C2%A0Get%20Directions%3C\/a%3E\"}"],"1433428142613_size":["one_fourth last"],"1433407823664_data":["{\"id\":\"1433407823664\",\"shortcode\":\"ppb_image_parallax\",\"ppb_image_parallax_title\":\"Our%20Contact%20Form\",\"ppb_image_parallax_slug\":\"\",\"ppb_image_parallax_image\":\"http:\/\/themes.themegoods2.com\/grandrestaurant\/wp-content\/uploads\/2015\/04\/3250_1a_c_photography_restaurants___food_port_13_2.jpg\",\"ppb_image_parallax_height\":\"60\",\"ppb_image_parallax_display_title\":\"1\",\"ppb_image_parallax_custom_css\":\"\"}"],"1433407823664_size":["one"],"1433407651876_data":["{\"id\":\"1433407651876\",\"shortcode\":\"ppb_contact_sidebar\",\"ppb_contact_sidebar_title\":\"\",\"ppb_contact_sidebar_slug\":\"\",\"ppb_contact_sidebar_subtitle\":\"\",\"ppb_contact_sidebar_sidebar\":\"Contact%20Sidebar\",\"ppb_contact_sidebar_padding\":\"50\",\"ppb_contact_sidebar_custom_css\":\"\",\"ppb_contact_sidebar_content\":\"Fringilla%20penatibus%20orci%20est%20non%20mollit,%20suspendisse%20pulvinar%20egestas%20a%20donec.%20Vulputate%20mi%20dui%20suscipit,%20molestie%20vulputate%20libero%20fusce%20iaculis%20suscipit.%20Sapien%20pede%20libero.%20Maecenas%20lacus%20aliquet%20et%20nisl%20nunc,%20per%20sed%20sed%20maecenas.Lectus%20tincidunt%20pellentesque%20augue%20urna%20sit%20sed.\"}"],"1433407651876_size":["one"]}