{"ppb_form_data_order":["1430826150874,1430826306751,1430826340660,1430828847884,1430826716071,1430827341651,1430827367123,1430879995672,1430880228882,1430880307098,1430880590375"],"1430826150874_data":["{\"id\":\"1430826150874\",\"shortcode\":\"ppb_text\",\"ppb_text_title\":\"Tagline\",\"ppb_text_slug\":\"\",\"ppb_text_width\":\"100%25\",\"ppb_text_padding\":\"40\",\"ppb_text_bgcolor\":\"\",\"ppb_text_fontcolor\":\"\",\"ppb_text_custom_css\":\"text-align:center;padding-bottom:0%20!important;\",\"ppb_text_content\":\"%5Bgooglefont%20font=%22Playfair%20Display%22%20fontsize=%2234%22%20style=%22font-style:italic;%22%5DWe%20help%20customers%20built%20World%20Class%3Cbr\/%3EConstruction%20Projects%20Since%201970%5B\/googlefont%5D%3Cbr\/%3E%0A%3Cdiv%20class=%22page_header_sep%22%3E%3C\/div%3E\"}"],"1430826150874_size":["one"],"1430826306751_data":["{\"id\":\"1430826306751\",\"shortcode\":\"ppb_text\",\"ppb_text_title\":\"Quote\",\"ppb_text_slug\":\"\",\"ppb_text_width\":\"100%25\",\"ppb_text_padding\":\"30\",\"ppb_text_bgcolor\":\"\",\"ppb_text_fontcolor\":\"\",\"ppb_text_custom_css\":\"padding-top:%2010px%20!important;\",\"ppb_text_content\":\"%3Ch4%3EIf%20you%20find%20an%20element%20of%20your%20interface%20requires%20instructions,%20then%20you%20need%20to%20redesign%20it%3C\/h4%3E\"}"],"1430826306751_size":["one_third"],"1430826340660_data":["{\"id\":\"1430826340660\",\"shortcode\":\"ppb_text\",\"ppb_text_title\":\"About%20us\",\"ppb_text_slug\":\"\",\"ppb_text_width\":\"100%25\",\"ppb_text_padding\":\"30\",\"ppb_text_bgcolor\":\"\",\"ppb_text_fontcolor\":\"\",\"ppb_text_custom_css\":\"padding-top:%2010px%20!important;\",\"ppb_text_content\":\"Lorem%20ipsum%20dolor%20sit%20amet,%20consectetur%20adipiscing%20elit.%20Lorem%20quam,%20adipiscing%20condimentum%20tristique%20vel,%20eleifend%20sed%20et%20turpis.%20Pellentesque%20cursus%20arcu%20id%20magna%20euismod%20in%20elementum%20molestie.%20Curabitur%20pellentesque%20massa%20eu%20nulla%20consequat%20sed%20porttitor%20arcu%20porttitor.%20Quisque%20volutpat%20pharetra%20felis,%20eu%20cursus%20lorem%20molestie%20vitae.%20Morbi%20ut%20arcu%20dolor.%20Maecenas%20id%20nulla%20nec%20nibh%20viverra%20vehicula.%20Cras%20feugiat,%20magna%20eu%20lacinia%20vulputate%20cursus%20arcu%20id%20magna%20augue%20est%20sed%20nunc.\"}"],"1430826340660_size":["two_third last"],"1430828847884_data":["{\"id\":1430828847884,\"shortcode\":\"ppb_divider\",\"ppb_text_title\":\"Paragraph Break\",\"ppb_text_content\":\"\",\"ppb_header_content\":\"\"}"],"1430828847884_size":["one"],"1430826716071_data":["{\"id\":\"1430826716071\",\"shortcode\":\"ppb_text\",\"ppb_text_title\":\"Service%201\",\"ppb_text_slug\":\"\",\"ppb_text_width\":\"100%25\",\"ppb_text_padding\":\"30\",\"ppb_text_bgcolor\":\"\",\"ppb_text_fontcolor\":\"\",\"ppb_text_custom_css\":\"text-align:center;\",\"ppb_text_content\":\"%3Ca%20href=%22http:\/\/10.0.1.191\/sample-page\/all-services\/construction-planning\/%22%3E%3Cimg%20src=%22http:\/\/10.0.1.191\/wp-content\/uploads\/2015\/05\/service_1.jpg%22%20alt=%22%22\/%3E%3C\/a%3E%3Cbr\/%3E%3Cbr\/%3E%3Ch5%3EConstruction%20Planning%3C\/h5%3E%3Cbr\/%3ELorem%20ipsum%20dolor%20sit%20amet,%20consectetuer%20adipiscing%20elit.%20Aenean%20commodo%20ligula%20eget%20dolor.%20Aenean%20massa.%20Cum%20sociis%20natoque%20penatibus%20et%20magnis%20dis%20\"}"],"1430826716071_size":["one_third"],"1430827341651_data":["{\"id\":\"1430827341651\",\"shortcode\":\"ppb_text\",\"ppb_text_title\":\"Service%202\",\"ppb_text_slug\":\"\",\"ppb_text_width\":\"100%25\",\"ppb_text_padding\":\"30\",\"ppb_text_bgcolor\":\"\",\"ppb_text_fontcolor\":\"\",\"ppb_text_custom_css\":\"text-align:center;\",\"ppb_text_content\":\"%3Ca%20href=%22http:\/\/10.0.1.191\/sample-page\/all-services\/house-renovation\/%22%3E%3Cimg%20src=%22http:\/\/10.0.1.191\/wp-content\/uploads\/2015\/05\/service_2.jpg%22%20alt=%22%22\/%3E%3C\/a%3E%3Cbr\/%3E%3Cbr\/%3E%3Ch5%3EHouse%20Renovation%3C\/h5%3E%3Cbr\/%3ELorem%20ipsum%20dolor%20sit%20amet,%20consectetuer%20adipiscing%20elit.%20Aenean%20commodo%20ligula%20eget%20dolor.%20Aenean%20massa.%20Cum%20sociis%20natoque%20penatibus%20et%20magnis%20dis%20\"}"],"1430827341651_size":["one_third"],"1430827367123_data":["{\"id\":\"1430827367123\",\"shortcode\":\"ppb_text\",\"ppb_text_title\":\"Service%203\",\"ppb_text_slug\":\"\",\"ppb_text_width\":\"100%25\",\"ppb_text_padding\":\"30\",\"ppb_text_bgcolor\":\"\",\"ppb_text_fontcolor\":\"\",\"ppb_text_custom_css\":\"text-align:center;\",\"ppb_text_content\":\"%3Ca%20href=%22http:\/\/10.0.1.191\/sample-page\/all-services\/office-renovation\/%22%3E%3Cimg%20src=%22http:\/\/10.0.1.191\/wp-content\/uploads\/2015\/05\/service3.jpg%22%20alt=%22%22\/%3E%3C\/a%3E%3Cbr\/%3E%3Cbr\/%3E%3Ch5%3EOffice%20Renovation%3C\/h5%3E%3Cbr\/%3ELorem%20ipsum%20dolor%20sit%20amet,%20consectetuer%20adipiscing%20elit.%20Aenean%20commodo%20ligula%20eget%20dolor.%20Aenean%20massa.%20Cum%20sociis%20natoque%20penatibus%20et%20magnis%20dis%20\"}"],"1430827367123_size":["one_third last"],"1430879995672_data":["{\"id\":\"1430879995672\",\"shortcode\":\"ppb_text\",\"ppb_text_title\":\"Service%204\",\"ppb_text_slug\":\"\",\"ppb_text_width\":\"100%25\",\"ppb_text_padding\":\"30\",\"ppb_text_bgcolor\":\"\",\"ppb_text_fontcolor\":\"\",\"ppb_text_custom_css\":\"text-align:center;\",\"ppb_text_content\":\"%3Ca%20href=%22http:\/\/10.0.1.191\/sample-page\/all-services\/darfting-design\/%22%3E%3Cimg%20src=%22http:\/\/10.0.1.191\/wp-content\/uploads\/2015\/05\/service_4.jpg%22%20alt=%22%22\/%3E%3C\/a%3E%3Cbr\/%3E%3Cbr\/%3E%3Ch5%3EDrafting%20&%20Design%3C\/h5%3E%3Cbr\/%3ELorem%20ipsum%20dolor%20sit%20amet,%20consectetuer%20adipiscing%20elit.%20Aenean%20commodo%20ligula%20eget%20dolor.%20Aenean%20massa.%20Cum%20sociis%20natoque%20penatibus%20et%20magnis%20dis%20\"}"],"1430879995672_size":["one_third"],"1430880228882_data":["{\"id\":\"1430880228882\",\"shortcode\":\"ppb_text\",\"ppb_text_title\":\"Service%205\",\"ppb_text_slug\":\"\",\"ppb_text_width\":\"100%25\",\"ppb_text_padding\":\"30\",\"ppb_text_bgcolor\":\"\",\"ppb_text_fontcolor\":\"\",\"ppb_text_custom_css\":\"text-align:center;\",\"ppb_text_content\":\"%3Ca%20href=%22http:\/\/10.0.1.191\/sample-page\/all-services\/site-inspection\/%22%3E%3Cimg%20src=%22http:\/\/10.0.1.191\/wp-content\/uploads\/2015\/05\/service_5.jpg%22%20alt=%22%22\/%3E%3C\/a%3E%3Cbr\/%3E%3Cbr\/%3E%3Ch5%3ESite%20Inspection%3C\/h5%3E%3Cbr\/%3ELorem%20ipsum%20dolor%20sit%20amet,%20consectetuer%20adipiscing%20elit.%20Aenean%20commodo%20ligula%20eget%20dolor.%20Aenean%20massa.%20Cum%20sociis%20natoque%20penatibus%20et%20magnis%20dis%20\"}"],"1430880228882_size":["one_third"],"1430880307098_data":["{\"id\":\"1430880307098\",\"shortcode\":\"ppb_text\",\"ppb_text_title\":\"Service%206\",\"ppb_text_slug\":\"\",\"ppb_text_width\":\"100%25\",\"ppb_text_padding\":\"30\",\"ppb_text_bgcolor\":\"\",\"ppb_text_fontcolor\":\"\",\"ppb_text_custom_css\":\"text-align:center;\",\"ppb_text_content\":\"%3Ca%20href=%22http:\/\/10.0.1.191\/sample-page\/all-services\/system-integration\/%22%3E%3Cimg%20src=%22http:\/\/10.0.1.191\/wp-content\/uploads\/2015\/05\/service_6.jpg%22%20alt=%22%22\/%3E%3C\/a%3E%3Cbr\/%3E%3Cbr\/%3E%3Ch5%3ESystem%20Installation%3C\/h5%3E%3Cbr\/%3ELorem%20ipsum%20dolor%20sit%20amet,%20consectetuer%20adipiscing%20elit.%20Aenean%20commodo%20ligula%20eget%20dolor.%20Aenean%20massa.%20Cum%20sociis%20natoque%20penatibus%20et%20magnis%20dis%20\"}"],"1430880307098_size":["one_third last"],"1430880590375_data":["{\"id\":1430880590375,\"shortcode\":\"ppb_divider\",\"ppb_text_title\":\"Paragraph Break\",\"ppb_text_content\":\"\",\"ppb_header_content\":\"\"}"],"1430880590375_size":["one"]}